TITULO_ORIGINAL;TITULO_BRASIL;ROE;DATA_EMISSAO_ROE;SITUACAO_OBRA;TIPO_OBRA;SUBTIPO_OBRA;CLASSIFICACAO_OBRA;ORGANIZACAO_TEMPORAL;DURACAO_TOTAL_MINUTOS;QUANTIDADE_EPISODIOS;ANO_PRODUCAO_INICIAL;ANO_PRODUCAO_FINAL;REQUERENTE;CNPJ_REQUERENTE
100 NIGHTS OF HERO;100 NOITES DE DESEJO;E2600018000000;21/01/2026;REGISTRADO;FICÇÃO;;ESTRANGEIRA CONSTITUINTE DE ESPAÇO QUALIFICADO;NÃO SERIADA;91;;2025;;SM DISTRIBUIDORA DE FILMES LTDA;08.257.054/0001-49
1408;1408;E2600022900000;26/01/2026;REGISTRADO;FICÇÃO;;ESTRANGEIRA CONSTITUINTE DE ESPAÇO QUALIFICADO;NÃO SERIADA;96,2;;2007;;NBCUNIVERSAL NETWORKS INTERNATIONAL BRASIL PROGRAMADORA S/A;01.253.766/0001-40
1874, LA NAISSANCE DE L'IMPRESSIONNISME;1874, O NASCIMENTO DO IMPRESSIONISMO;E2600259800000;06/08/2026;REGISTRADO;FICÇÃO;;ESTRANGEIRA CONSTITUINTE DE ESPAÇO QUALIFICADO;NÃO SERIADA;95;;2024;;BONFILM PRODUÇÃO E DISTRIBUIÇÃO AUDIOVISUAL LTDA;10.383.039/0001-99
2026 &TEAM CONCERT TOUR 'BLAZE THE WAY' IN JAPAN: LIVE VIEWING;2026 &TEAM CONCERT TOUR 'BLAZE THE WAY' IN JAPAN: LIVE VIEWING;E2600217600000;07/07/2026;REGISTRADO;VÍDEOMUSICAL;Registro de Eventos;ESTRANGEIRA CONSTITUINTE DE ESPAÇO QUALIFICADO;NÃO SERIADA;240;;2026;;CINECOLOR DO BRASIL LTDA;05.332.959/0001-48
"2026 CORTIS TOUR ""PUT YOUR PHONE DOWN"" IN LA: LIVE VIEWING";"2026 CORTIS TOUR ""PUT YOUR PHONE DOWN"" IN LA: LIVE VIEWING";E2600247200000;28/07/2026;REGISTRADO;VÍDEOMUSICAL;Registro de Eventos;ESTRANGEIRA CONSTITUINTE DE ESPAÇO QUALIFICADO;NÃO SERIADA;165;;2026;;CINECOLOR DO BRASIL LTDA;05.332.959/0001-48
2026 TXT MOA CON IN JAPAN: LIVE VIEWING;2026 TXT MOA CON IN JAPAN: LIVE VIEWING;E2600145500000;05/05/2026;REGISTRADO;VÍDEOMUSICAL;Registro de Eventos;ESTRANGEIRA CONSTITUINTE DE ESPAÇO QUALIFICADO;NÃO SERIADA;225;;2026;;CINECOLOR DO BRASIL LTDA;05.332.959/0001-48
2ZDINIZZ - ERRO FAVORITO;2ZDINIZZ - ERRO FAVORITO;E2600170100000;25/05/2026;REGISTRADO;VÍDEOMUSICAL;;ESTRANGEIRA CONSTITUINTE DE ESPAÇO QUALIFICADO;NÃO SERIADA;3,0;;2026;;GLOBO COMUNICACAO E PARTICIPACOES S/A;27.865.757/0001-02
2ZDINIZZ PART. LEBORATO - BEATRIZ;2ZDINIZZ PART. LEBORATO - BEATRIZ;E2600170200000;25/05/2026;REGISTRADO;VÍDEOMUSICAL;;ESTRANGEIRA CONSTITUINTE DE ESPAÇO QUALIFICADO;NÃO SERIADA;4,4;;2026;;GLOBO COMUNICACAO E PARTICIPACOES S/A;27.865.757/0001-02
2ZDINIZZ PART. PEDRO APOEMA - COISAS QUE NÃO APRENDI CONTIGO;2ZDINIZZ PART. PEDRO APOEMA - COISAS QUE NÃO APRENDI CONTIGO;E2600170300000;25/05/2026;REGISTRADO;VÍDEOMUSICAL;;ESTRANGEIRA CONSTITUINTE DE ESPAÇO QUALIFICADO;NÃO SERIADA;4,2;;2026;;GLOBO COMUNICACAO E PARTICIPACOES S/A;27.865.757/0001-02
47 DAYS WITH JESUS;47 DIAS COM JESUS;E2600049200000;23/02/2026;REGISTRADO;FICÇÃO;;ESTRANGEIRA CONSTITUINTE DE ESPAÇO QUALIFICADO;NÃO SERIADA;135;;2024;;DENISE JANCAR;00.711.925/0001-40
5 CENTIMETERS PER SECOND;;E2600257900000;05/08/2026;REGISTRADO;ANIMAÇÃO;;ESTRANGEIRA CONSTITUINTE DE ESPAÇO QUALIFICADO;NÃO SERIADA;63;;2007;;SA DISTRIBUIDORA DE CONTEÚDO AUDIOVISUAL LTDA;33.356.343/0001-42
5 CENTIMETERS PER SECOND;;E2600259900000;06/08/2026;REGISTRADO;FICÇÃO;;ESTRANGEIRA CONSTITUINTE DE ESPAÇO QUALIFICADO;NÃO SERIADA;123;;2025;;SA DISTRIBUIDORA DE CONTEÚDO AUDIOVISUAL LTDA;33.356.343/0001-42
8;8 DÉCADAS DE AMOR;E2600145000000;04/05/2026;REGISTRADO;FICÇÃO;;ESTRANGEIRA CONSTITUINTE DE ESPAÇO QUALIFICADO;NÃO SERIADA;126;;2025;;TAG CULTURAL DISTRIBUIDORA DE FILMES LTDA;03.599.148/0001-82
A SAD AND BEAUTIFUL WORLD;UM TRISTE E BELO MUNDO;E2600154400000;12/05/2026;REGISTRADO;FICÇÃO;;ESTRANGEIRA CONSTITUINTE DE ESPAÇO QUALIFICADO;NÃO SERIADA;110;;2025;;PROVIDENCE DISTRIBUIDORA DE FILMES LTDA;08.656.129/0001-64
A TALENT FOR MURDER;;E2600270600000;18/08/2026;REGISTRADO;FICÇÃO;;ESTRANGEIRA CONSTITUINTE DE ESPAÇO QUALIFICADO;NÃO SERIADA;106;;2026;;DIAMOND FILMS DO BRASIL PRODUÇÃO E DISTRIBUIÇÃO AUDIOVISUAL LTDA.;17.095.184/0001-13
A WOMAM SCORNED - SADAKATSIZ;ILUDIDA;E2600260200000;06/08/2026;REGISTRADO;FICÇÃO;;ESTRANGEIRA CONSTITUINTE DE ESPAÇO QUALIFICADO;SERIADA EM TEMPORADA ÚNICA;6705;149;2020;2020;RADIO E TELEVISAO RECORD S.A;60.628.369/0001-75
A$AP ROCKY - PUNK ROCKY;A$AP ROCKY - PUNK ROCKY;E2600051400000;23/02/2026;REGISTRADO;VÍDEOMUSICAL;;ESTRANGEIRA CONSTITUINTE DE ESPAÇO QUALIFICADO;NÃO SERIADA;4,4;;2026;;GLOBO COMUNICACAO E PARTICIPACOES S/A;27.865.757/0001-02
ABEL & BENÍCIO PART. JIRAYAUAI - OS AGRO E OS BOY;;E2600271600000;18/08/2026;REGISTRADO;VÍDEOMUSICAL;;ESTRANGEIRA CONSTITUINTE DE ESPAÇO QUALIFICADO;NÃO SERIADA;2,6;;2026;;GLOBO COMUNICACAO E PARTICIPACOES S/A;27.865.757/0001-02
ABOVE THE BELOW;PERDIDOS NO INFINITO;E2600162400000;19/05/2026;REGISTRADO;FICÇÃO;;ESTRANGEIRA CONSTITUINTE DE ESPAÇO QUALIFICADO;NÃO SERIADA;120;;2026;;GLOBO COMUNICACAO E PARTICIPACOES S/A;27.865.757/0001-02
ABRAHAM'S BOYS: A DRACULA STORY;;E2600193300000;16/06/2026;REGISTRADO;FICÇÃO;;ESTRANGEIRA CONSTITUINTE DE ESPAÇO QUALIFICADO;NÃO SERIADA;89;;2025;;TAG CULTURAL DISTRIBUIDORA DE FILMES LTDA;03.599.148/0001-82
ABSOLUTE POWER;PODER ABSOLUTO;E2600192600000;16/06/2026;REGISTRADO;FICÇÃO;;ESTRANGEIRA CONSTITUINTE DE ESPAÇO QUALIFICADO;NÃO SERIADA;121;;1997;;GLOBO COMUNICACAO E PARTICIPACOES S/A;27.865.757/0001-02
AFTER YANG;A VIDA DEPOIS DE YANG;E2600276800000;20/08/2026;REGISTRADO;FICÇÃO;;ESTRANGEIRA CONSTITUINTE DE ESPAÇO QUALIFICADO;NÃO SERIADA;96;;2021;;NBCUNIVERSAL NETWORKS INTERNATIONAL BRASIL PROGRAMADORA S/A;01.253.766/0001-40
AGATHA CHRISTIE VERSUS POIROT;AGATHA CHRISTIE VS HERCULE POIROT;E2600123900000;22/04/2026;REGISTRADO;DOCUMENTÁRIO;;ESTRANGEIRA CONSTITUINTE DE ESPAÇO QUALIFICADO;NÃO SERIADA;57;;2017;;CURTA! PROGRAMADORA DE CANAIS DE TV LTDA;17.164.803/0001-84
AIRPORT SECURITY MADRID;ALERTA  AEROPORTO;E2600227700000;14/07/2026;REGISTRADO;DOCUMENTÁRIO;;ESTRANGEIRA CONSTITUINTE DE ESPAÇO QUALIFICADO;SERIADA EM MÚLTIPLAS TEMPORADAS;360;8;2018;2018;RADIO E TELEVISAO RECORD S.A;60.628.369/0001-75
AIRPORT SECURITY MADRID;ALERTA  AEROPORTO;E2600247100000;28/07/2026;REGISTRADO;DOCUMENTÁRIO;;ESTRANGEIRA CONSTITUINTE DE ESPAÇO QUALIFICADO;SERIADA EM MÚLTIPLAS TEMPORADAS;360;8;2019;2019;RADIO E TELEVISAO RECORD S.A;60.628.369/0001-75
AISHA CAN'T FLY WAY;AISHA NÃO PODE VOAR;E2600041100000;11/02/2026;REGISTRADO;FICÇÃO;;ESTRANGEIRA CONSTITUINTE DE ESPAÇO QUALIFICADO;NÃO SERIADA;120;;2025;;PROVIDENCE DISTRIBUIDORA DE FILMES LTDA;08.656.129/0001-64
ALBOROSIE - IPANEMA;ALBOROSIE - IPANEMA;E2600052800000;24/02/2026;REGISTRADO;VÍDEOMUSICAL;;ESTRANGEIRA CONSTITUINTE DE ESPAÇO QUALIFICADO;NÃO SERIADA;3,7;;2026;;GLOBO COMUNICACAO E PARTICIPACOES S/A;27.865.757/0001-02
ALL YOU NEED IS KILL;VOCÊ SÓ PRECISA MATAR;E2600005700000;08/01/2026;REGISTRADO;ANIMAÇÃO;;ESTRANGEIRA CONSTITUINTE DE ESPAÇO QUALIFICADO;NÃO SERIADA;86;;2025;;SM DISTRIBUIDORA DE FILMES LTDA;08.257.054/0001-49
ALLLY BAQI MINK;TUDO QUE RESTA DE VOCÊ;E2600278100000;20/08/2026;REGISTRADO;FICÇÃO;;ESTRANGEIRA CONSTITUINTE DE ESPAÇO QUALIFICADO;NÃO SERIADA;146;;2025;;P & M DISTRIBUIDORA DE FILMES LTDA;22.910.081/0001-08
ALPHA;ALPHA;E2600138900000;29/04/2026;REGISTRADO;FICÇÃO;;ESTRANGEIRA CONSTITUINTE DE ESPAÇO QUALIFICADO;NÃO SERIADA;128;;2025;;O2 PRODUÇÕES ARTÍSTICAS E CINEMATOGRÁFICAS LTDA.;67.431.718/0001-03
AMARGA NAVIDAD;NATAL AMARGO;E2600065200000;03/03/2026;REGISTRADO;FICÇÃO;;ESTRANGEIRA CONSTITUINTE DE ESPAÇO QUALIFICADO;NÃO SERIADA;111;;2026;;WARNER BROS. (SOUTH) INC.;33.015.827/0001-28
AMERICAN MUSIC AWARDS 2026;AMERICAN MUSIC AWARDS 2026;E2600175300000;27/05/2026;REGISTRADO;VÍDEOMUSICAL;Registro de Eventos;ESTRANGEIRA CONSTITUINTE DE ESPAÇO QUALIFICADO;NÃO SERIADA;180;;2026;;GLOBO COMUNICACAO E PARTICIPACOES S/A;27.865.757/0001-02
AMIGOS SEM COMPROMISSO;AMIGOS SEM COMPROMISSO;E2600005400000;07/01/2026;REGISTRADO;FICÇÃO;;ESTRANGEIRA CONSTITUINTE DE ESPAÇO QUALIFICADO;NÃO SERIADA;101;;2024;;GLOBO COMUNICACAO E PARTICIPACOES S/A;27.865.757/0001-02
AMOR BRAVÍO;AMOR VALENTE;E2600126300000;24/04/2026;REGISTRADO;FICÇÃO;;ESTRANGEIRA CONSTITUINTE DE ESPAÇO QUALIFICADO;SERIADA EM TEMPORADA ÚNICA;10020;167;2012;2012;TVSBT CANAL 4 DE SAO PAULO S/A;45.039.237/0001-14
AMRUM;UMA INFÂNCIA  ALEMÃ;E2600111600000;13/04/2026;REGISTRADO;FICÇÃO;;ESTRANGEIRA CONSTITUINTE DE ESPAÇO QUALIFICADO;NÃO SERIADA;93;;2025;;TAG CULTURAL DISTRIBUIDORA DE FILMES LTDA;03.599.148/0001-82
AND THEIR CHILDREN AFTER THEM;E SEUS FILHOS DEPOIS DELES;E2600127500000;24/04/2026;REGISTRADO;FICÇÃO;;ESTRANGEIRA CONSTITUINTE DE ESPAÇO QUALIFICADO;NÃO SERIADA;146;;2024;;TAG CULTURAL DISTRIBUIDORA DE FILMES LTDA;03.599.148/0001-82
ANIMAL FARM;A REVOLUÇÃO DOS BICHOS;E2600103900000;06/04/2026;REGISTRADO;ANIMAÇÃO;;ESTRANGEIRA CONSTITUINTE DE ESPAÇO QUALIFICADO;NÃO SERIADA;96;;2025;;SM DISTRIBUIDORA DE FILMES LTDA;08.257.054/0001-49
ANITTA - DESGRAÇA;ANITTA - DESGRAÇA;E2600167300000;22/05/2026;REGISTRADO;VÍDEOMUSICAL;;ESTRANGEIRA CONSTITUINTE DE ESPAÇO QUALIFICADO;NÃO SERIADA;3,3;;2026;;GLOBO COMUNICACAO E PARTICIPACOES S/A;27.865.757/0001-02
ANITTA E LOS BRASILEROS - MEIA NOITE;ANITTA E LOS BRASILEROS - MEIA NOITE;E2600167400000;22/05/2026;REGISTRADO;VÍDEOMUSICAL;;ESTRANGEIRA CONSTITUINTE DE ESPAÇO QUALIFICADO;NÃO SERIADA;2,4;;2026;;GLOBO COMUNICACAO E PARTICIPACOES S/A;27.865.757/0001-02
ANITTA FEAT. SHAKIRA - CHOKA CHOKA;ANITTA FEAT. SHAKIRA - CHOKA CHOKA;E2600167500000;22/05/2026;REGISTRADO;VÍDEOMUSICAL;;ESTRANGEIRA CONSTITUINTE DE ESPAÇO QUALIFICADO;NÃO SERIADA;2,5;;2026;;GLOBO COMUNICACAO E PARTICIPACOES S/A;27.865.757/0001-02
ANITTA PART. KBRUM - SAL GROSSO;;E2600271700000;18/08/2026;REGISTRADO;VÍDEOMUSICAL;;ESTRANGEIRA CONSTITUINTE DE ESPAÇO QUALIFICADO;NÃO SERIADA;2,5;;2026;;GLOBO COMUNICACAO E PARTICIPACOES S/A;27.865.757/0001-02
ANITTA, MARINA SENA, RINCON SAPIÊNCIA E KING SAINTS - MANDINGA / NANÃ;ANITTA, MARINA SENA, RINCON SAPIÊNCIA E KING SAINTS - MANDINGA / NANÃ;E2600167600000;22/05/2026;REGISTRADO;VÍDEOMUSICAL;;ESTRANGEIRA CONSTITUINTE DE ESPAÇO QUALIFICADO;NÃO SERIADA;4,8;;2026;;GLOBO COMUNICACAO E PARTICIPACOES S/A;27.865.757/0001-02
ANITTA, MELLY, LUEDJI LUNA E LINIKER - TERNURA / BEMBA / CAMINHADOR;ANITTA, MELLY, LUEDJI LUNA E LINIKER - TERNURA / BEMBA / CAMINHADOR;E2600168000000;22/05/2026;REGISTRADO;VÍDEOMUSICAL;;ESTRANGEIRA CONSTITUINTE DE ESPAÇO QUALIFICADO;NÃO SERIADA;6,9;;2026;;GLOBO COMUNICACAO E PARTICIPACOES S/A;27.865.757/0001-02
ANNA KARENINA;ANNA KARENINA;E2600062400000;27/02/2026;REGISTRADO;FICÇÃO;;ESTRANGEIRA CONSTITUINTE DE ESPAÇO QUALIFICADO;SERIADA EM TEMPORADA ÚNICA;360;8;2017;2017;NEWCO PROGRAMADORA E PRODUTORA DE COMUNICACAO LTDA.;04.334.366/0001-58
ARCO;ARCO;E2600008300000;12/01/2026;REGISTRADO;ANIMAÇÃO;;ESTRANGEIRA CONSTITUINTE DE ESPAÇO QUALIFICADO;NÃO SERIADA;88;;2025;;RJ DISTRIBUIDORA DE FILMES LTDA;00.146.442/0001-40
ARIANA GRANDE - HATE THAT I MADE YOU LOVE ME;ARIANA GRANDE - HATE THAT I MADE YOU LOVE ME;E2600200000000;22/06/2026;REGISTRADO;VÍDEOMUSICAL;;ESTRANGEIRA CONSTITUINTE DE ESPAÇO QUALIFICADO;NÃO SERIADA;4,9;;2026;;GLOBO COMUNICACAO E PARTICIPACOES S/A;27.865.757/0001-02
ASHIBAH - HIGH ON YOU;ASHIBAH - HIGH ON YOU;E2600071500000;09/03/2026;REGISTRADO;VÍDEOMUSICAL;;ESTRANGEIRA CONSTITUINTE DE ESPAÇO QUALIFICADO;NÃO SERIADA;3,2;;2025;;HQ MUSIC MARKETING LTDA;35.787.544/0001-20
ASTERIX: THE KINGDOM OF NUBIA;;E2600244200000;24/07/2026;REGISTRADO;ANIMAÇÃO;;ESTRANGEIRA CONSTITUINTE DE ESPAÇO QUALIFICADO;NÃO SERIADA;86;;2026;;WMIX DISTRIBUIDORA LTDA.;03.918.609/0001-32
ATEEZ : LIGHT THE WAY IN CINEMAS;ATEEZ : LIGHT THE WAY IN CINEMAS;E2600195000000;17/06/2026;REGISTRADO;VÍDEOMUSICAL;Registro de Eventos;ESTRANGEIRA CONSTITUINTE DE ESPAÇO QUALIFICADO;NÃO SERIADA;70;;2026;;UNITED CINEMAS INTERNATIONAL BRASIL LTDA.;01.289.530/0001-64
AURORA: WHAT HAPPENED TO THE EARTH?;AURORA: WHAT HAPPENED TO THE EARTH?;E2600031500000;03/02/2026;REGISTRADO;VÍDEOMUSICAL;;ESTRANGEIRA CONSTITUINTE DE ESPAÇO QUALIFICADO;NÃO SERIADA;90;;2026;;UNITED CINEMAS INTERNATIONAL BRASIL LTDA.;01.289.530/0001-64
AURORA: WHAT HAPPENED TO THE EARTH?;;E2600013800000;16/01/2026;REGISTRADO;VÍDEOMUSICAL;;ESTRANGEIRA CONSTITUINTE DE ESPAÇO QUALIFICADO;NÃO SERIADA;90;;2025;;UNITED CINEMAS INTERNATIONAL BRASIL LTDA.;01.289.530/0001-64
AVA DELLA PIETRA - 3AM;AVA DELLA PIETRA - 3AM;E2600109100000;10/04/2026;REGISTRADO;VÍDEOMUSICAL;;ESTRANGEIRA CONSTITUINTE DE ESPAÇO QUALIFICADO;NÃO SERIADA;3,3;;2026;;HQ MUSIC MARKETING LTDA;35.787.544/0001-20
AVENGERS: ENDGAME ENCORE;;E2600276900000;20/08/2026;REGISTRADO;FICÇÃO;;ESTRANGEIRA CONSTITUINTE DE ESPAÇO QUALIFICADO;NÃO SERIADA;183;;2019;;THE WALT DISNEY COMPANY (BRASIL) LTDA.;73.042.962/0001-87
AVINE VINNY PART. REY VAQUEIRO - SOLTEIRO CRUEL;AVINE VINNY PART. REY VAQUEIRO - SOLTEIRO CRUEL;E2600051500000;23/02/2026;REGISTRADO;VÍDEOMUSICAL;;ESTRANGEIRA CONSTITUINTE DE ESPAÇO QUALIFICADO;NÃO SERIADA;2,8;;2026;;GLOBO COMUNICACAO E PARTICIPACOES S/A;27.865.757/0001-02
AZZY E A.LBEATS - DIVA POP;AZZY E A.LBEATS - DIVA POP;E2600169000000;25/05/2026;REGISTRADO;VÍDEOMUSICAL;;ESTRANGEIRA CONSTITUINTE DE ESPAÇO QUALIFICADO;NÃO SERIADA;2,5;;2026;;GLOBO COMUNICACAO E PARTICIPACOES S/A;27.865.757/0001-02
BACKROOMS;BACKROOMS: UM NÃO-LUGAR;E2600045500000;19/02/2026;REGISTRADO;FICÇÃO;;ESTRANGEIRA CONSTITUINTE DE ESPAÇO QUALIFICADO;NÃO SERIADA;110;;2026;;WMIX DISTRIBUIDORA LTDA.;03.918.609/0001-32
BACO EXU DO BLUES PART. ZECA VELOSO - QUE EU SOFRA;BACO EXU DO BLUES PART. ZECA VELOSO - QUE EU SOFRA;E2600051600000;23/02/2026;REGISTRADO;VÍDEOMUSICAL;;ESTRANGEIRA CONSTITUINTE DE ESPAÇO QUALIFICADO;NÃO SERIADA;4,6;;2026;;GLOBO COMUNICACAO E PARTICIPACOES S/A;27.865.757/0001-02
BAD BUNNY - ALAMBRE PÚA;BAD BUNNY - ALAMBRE PÚA;E2600051700000;23/02/2026;REGISTRADO;VÍDEOMUSICAL;;ESTRANGEIRA CONSTITUINTE DE ESPAÇO QUALIFICADO;NÃO SERIADA;2,6;;2026;;GLOBO COMUNICACAO E PARTICIPACOES S/A;27.865.757/0001-02
BAD BUNNY - BOKETE;BAD BUNNY - BOKETE;E2600089900000;25/03/2026;REGISTRADO;VÍDEOMUSICAL;;ESTRANGEIRA CONSTITUINTE DE ESPAÇO QUALIFICADO;NÃO SERIADA;3,7;;2026;;GLOBO COMUNICACAO E PARTICIPACOES S/A;27.865.757/0001-02
BAD BUNNY - KETU TECRÉ;BAD BUNNY - KETU TECRÉ;E2600090200000;25/03/2026;REGISTRADO;VÍDEOMUSICAL;;ESTRANGEIRA CONSTITUINTE DE ESPAÇO QUALIFICADO;NÃO SERIADA;3,8;;2026;;GLOBO COMUNICACAO E PARTICIPACOES S/A;27.865.757/0001-02
BAD BUNNY - TURISTA;BAD BUNNY - TURISTA;E2600090300000;25/03/2026;REGISTRADO;VÍDEOMUSICAL;;ESTRANGEIRA CONSTITUINTE DE ESPAÇO QUALIFICADO;NÃO SERIADA;3,6;;2026;;GLOBO COMUNICACAO E PARTICIPACOES S/A;27.865.757/0001-02
BAD BUNNY FEAT. CHUWI - WELTITA;BAD BUNNY FEAT. CHUWI - WELTITA;E2600051900000;23/02/2026;REGISTRADO;VÍDEOMUSICAL;;ESTRANGEIRA CONSTITUINTE DE ESPAÇO QUALIFICADO;NÃO SERIADA;3,4;;2026;;GLOBO COMUNICACAO E PARTICIPACOES S/A;27.865.757/0001-02
BAKUSHÛ;TAMBÉM FOMOS FELIZES;E2600062500000;27/02/2026;REGISTRADO;FICÇÃO;;ESTRANGEIRA CONSTITUINTE DE ESPAÇO QUALIFICADO;NÃO SERIADA;125;;1951;;NEWCO PROGRAMADORA E PRODUTORA DE COMUNICACAO LTDA.;04.334.366/0001-58
BANDA COLOMY - RÁDIO;BANDA COLOMY - RÁDIO;E2600238600000;23/07/2026;REGISTRADO;VÍDEOMUSICAL;;ESTRANGEIRA CONSTITUINTE DE ESPAÇO QUALIFICADO;NÃO SERIADA;3,3;;2026;;GLOBO COMUNICACAO E PARTICIPACOES S/A;27.865.757/0001-02
BANK, THE;O BANCO;E2600079600000;17/03/2026;REGISTRADO;FICÇÃO;;ESTRANGEIRA CONSTITUINTE DE ESPAÇO QUALIFICADO;NÃO SERIADA;25;;1915;;GLOBO COMUNICACAO E PARTICIPACOES S/A;27.865.757/0001-02
BBNO$ - COME TO BRAZIL;BBNO$ - COME TO BRAZIL;E2600071600000;09/03/2026;REGISTRADO;VÍDEOMUSICAL;;ESTRANGEIRA CONSTITUINTE DE ESPAÇO QUALIFICADO;NÃO SERIADA;2,9;;2025;;HQ MUSIC MARKETING LTDA;35.787.544/0001-20
BEAR COUNTRY;BEAR COUNTRY;E2600082700000;18/03/2026;REGISTRADO;FICÇÃO;;ESTRANGEIRA CONSTITUINTE DE ESPAÇO QUALIFICADO;NÃO SERIADA;96;;2025;;GLOBO COMUNICACAO E PARTICIPACOES S/A;27.865.757/0001-02
BEASTS OF THE BIG BLUE;;E2600193400000;16/06/2026;REGISTRADO;DOCUMENTÁRIO;;ESTRANGEIRA CONSTITUINTE DE ESPAÇO QUALIFICADO;SERIADA EM TEMPORADA ÚNICA;480;8;2014;2014;EMPRESA BRASIL DE COMUNICACAO S.A. - EBC;09.168.704/0001-42
BEBE REXHA - HYSTERIA;BEBE REXHA - HYSTERIA;E2600209900000;30/06/2026;REGISTRADO;VÍDEOMUSICAL;;ESTRANGEIRA CONSTITUINTE DE ESPAÇO QUALIFICADO;NÃO SERIADA;2,4;;2026;;HQ MUSIC MARKETING LTDA;35.787.544/0001-20
BEBE REXHA - I LIKE YOU BETTER THAN ME;BEBE REXHA - I LIKE YOU BETTER THAN ME;E2600156500000;14/05/2026;REGISTRADO;VÍDEOMUSICAL;;ESTRANGEIRA CONSTITUINTE DE ESPAÇO QUALIFICADO;NÃO SERIADA;2,6;;2026;;HQ MUSIC MARKETING LTDA;35.787.544/0001-20
BEBE REXHA - NEW RELIGION;BEBE REXHA - NEW RELIGION;E2600156600000;14/05/2026;REGISTRADO;VÍDEOMUSICAL;;ESTRANGEIRA CONSTITUINTE DE ESPAÇO QUALIFICADO;NÃO SERIADA;2,9;;2026;;HQ MUSIC MARKETING LTDA;35.787.544/0001-20
BEBE REXHA - SAD GIRLS;BEBE REXHA - SAD GIRLS;E2600210000000;30/06/2026;REGISTRADO;VÍDEOMUSICAL;;ESTRANGEIRA CONSTITUINTE DE ESPAÇO QUALIFICADO;NÃO SERIADA;2,8;;2026;;HQ MUSIC MARKETING LTDA;35.787.544/0001-20
BEBE REXHA - ÇIKE ÇIKE;BEBE REXHA - ÇIKE ÇIKE;E2600156400000;14/05/2026;REGISTRADO;VÍDEOMUSICAL;;ESTRANGEIRA CONSTITUINTE DE ESPAÇO QUALIFICADO;NÃO SERIADA;2,4;;2026;;HQ MUSIC MARKETING LTDA;35.787.544/0001-20
BECKY G - PATRONA;;E2600271800000;18/08/2026;REGISTRADO;VÍDEOMUSICAL;;ESTRANGEIRA CONSTITUINTE DE ESPAÇO QUALIFICADO;NÃO SERIADA;2,7;;2026;;GLOBO COMUNICACAO E PARTICIPACOES S/A;27.865.757/0001-02
BECKY G FEAT. ELKAN - MARATHON;BECKY G FEAT. ELKAN - MARATHON;E2600166500000;22/05/2026;REGISTRADO;VÍDEOMUSICAL;;ESTRANGEIRA CONSTITUINTE DE ESPAÇO QUALIFICADO;NÃO SERIADA;3,2;;2026;;GLOBO COMUNICACAO E PARTICIPACOES S/A;27.865.757/0001-02
BEIJING SPRING;PRIMAVERA DE PEQUIM: A REVOLUÇÃO ARTÍSTICA NA CHINA;E2600118900000;17/04/2026;REGISTRADO;DOCUMENTÁRIO;;ESTRANGEIRA CONSTITUINTE DE ESPAÇO QUALIFICADO;NÃO SERIADA;100;;2021;;NEWCO PROGRAMADORA E PRODUTORA DE COMUNICACAO LTDA.;04.334.366/0001-58
BELLA CIAO PER LA LIBERTA;;E2600243700000;24/07/2026;REGISTRADO;DOCUMENTÁRIO;;ESTRANGEIRA CONSTITUINTE DE ESPAÇO QUALIFICADO;NÃO SERIADA;100;;2022;;P & M DISTRIBUIDORA DE FILMES LTDA;22.910.081/0001-08
BENZADEUS PART. MARI FERNANDEZ - ERRO CALCULADO;BENZADEUS PART. MARI FERNANDEZ - ERRO CALCULADO;E2600049800000;23/02/2026;REGISTRADO;VÍDEOMUSICAL;;ESTRANGEIRA CONSTITUINTE DE ESPAÇO QUALIFICADO;NÃO SERIADA;2,8;;2026;;GLOBO COMUNICACAO E PARTICIPACOES S/A;27.865.757/0001-02
BENZADEUS PART. SUEL - LOVE FRIEND;BENZADEUS PART. SUEL - LOVE FRIEND;E2600201000000;22/06/2026;REGISTRADO;VÍDEOMUSICAL;;ESTRANGEIRA CONSTITUINTE DE ESPAÇO QUALIFICADO;NÃO SERIADA;3,0;;2026;;GLOBO COMUNICACAO E PARTICIPACOES S/A;27.865.757/0001-02
BEST OF BLOOMBERG INVEST 2026;BEST OF BLOOMBERG INVEST 2026;E2600129500000;27/04/2026;REGISTRADO;JORNALÍSTICA;;COMUM;SERIADA DE DURAÇÃO INDETERMINADA;1080;36;2026;2026;BLOOMBERG DO BRASIL COMÉRCIO E SERVIÇOS LTDA.;74.232.679/0001-80
BEST OF BLOOMBERG WOMEN, MONEY AND POWER;BEST OF BLOOMBERG WOMEN, MONEY AND POWER;E2600135500000;27/04/2026;REGISTRADO;JORNALÍSTICA;;COMUM;SERIADA DE DURAÇÃO INDETERMINADA;720;24;2026;2026;BLOOMBERG DO BRASIL COMÉRCIO E SERVIÇOS LTDA.;74.232.679/0001-80
BEST OF DAVOS 2026;BEST OF DAVOS 2026;E2600135600000;27/04/2026;REGISTRADO;JORNALÍSTICA;;COMUM;SERIADA DE DURAÇÃO INDETERMINADA;360;12;2026;2026;BLOOMBERG DO BRASIL COMÉRCIO E SERVIÇOS LTDA.;74.232.679/0001-80
BETTY BLUE;BETTY BLUE;E2600065400000;03/03/2026;REGISTRADO;FICÇÃO;;ESTRANGEIRA CONSTITUINTE DE ESPAÇO QUALIFICADO;NÃO SERIADA;119;;1986;;PROVIDENCE DISTRIBUIDORA DE FILMES LTDA;08.656.129/0001-64
BEYONCÉ - IRREPLACEABLE;;E2600273100000;19/08/2026;REGISTRADO;VÍDEOMUSICAL;;ESTRANGEIRA CONSTITUINTE DE ESPAÇO QUALIFICADO;NÃO SERIADA;4,2;;2007;;GLOBO COMUNICACAO E PARTICIPACOES S/A;27.865.757/0001-02
BEYOND INNOVATION;BEYOND INNOVATION;E2600135800000;27/04/2026;REGISTRADO;JORNALÍSTICA;;COMUM;SERIADA DE DURAÇÃO INDETERMINADA;720;24;2026;2026;BLOOMBERG DO BRASIL COMÉRCIO E SERVIÇOS LTDA.;74.232.679/0001-80
BEYOND THE LAW;ACIMA DA LEI;E2600103500000;05/04/2026;REGISTRADO;FICÇÃO;;ESTRANGEIRA CONSTITUINTE DE ESPAÇO QUALIFICADO;NÃO SERIADA;89;;2019;;RADIO E TELEVISAO BANDEIRANTES S.A.;60.509.239/0001-13
BIA MARQUES - BALELO;BIA MARQUES - BALELO;E2600115300000;16/04/2026;REGISTRADO;VÍDEOMUSICAL;;ESTRANGEIRA CONSTITUINTE DE ESPAÇO QUALIFICADO;NÃO SERIADA;2,8;;2026;;GLOBO COMUNICACAO E PARTICIPACOES S/A;27.865.757/0001-02
BIA MARQUES PART. CRYZIN - QUASE;BIA MARQUES PART. CRYZIN - QUASE;E2600090400000;25/03/2026;REGISTRADO;VÍDEOMUSICAL;;ESTRANGEIRA CONSTITUINTE DE ESPAÇO QUALIFICADO;NÃO SERIADA;2,6;;2026;;GLOBO COMUNICACAO E PARTICIPACOES S/A;27.865.757/0001-02
BILLIE EILISH - HIT ME HARD AND SOFT: THE TOUR LIVE IN 3D;BILLIE EILISH - HIT ME HARD AND SOFT: THE TOUR IN 3D;E2600077400000;13/03/2026;REGISTRADO;DOCUMENTÁRIO;;ESTRANGEIRA CONSTITUINTE DE ESPAÇO QUALIFICADO;NÃO SERIADA;110;;2026;;PARAMOUNT PICTURES BRASIL DISTRIBUIDORA DE FILMES LTDA;27.654.722/0001-16
BLACK GIRL;A NEGRA DE...;E2600009500000;13/01/2026;REGISTRADO;FICÇÃO;;ESTRANGEIRA CONSTITUINTE DE ESPAÇO QUALIFICADO;NÃO SERIADA;65;;1966;;GLOBO COMUNICACAO E PARTICIPACOES S/A;27.865.757/0001-02
BLANCA - INTENTIONAL;BLANCA - INTENTIONAL;E2600052900000;24/02/2026;REGISTRADO;VÍDEOMUSICAL;;ESTRANGEIRA CONSTITUINTE DE ESPAÇO QUALIFICADO;NÃO SERIADA;2,5;;2026;;GLOBO COMUNICACAO E PARTICIPACOES S/A;27.865.757/0001-02
BLAST THE PAST;EXPLODINDO O PASSADO - REFLEXÕES NO PRESENTE;E2600124000000;22/04/2026;REGISTRADO;DOCUMENTÁRIO;;ESTRANGEIRA CONSTITUINTE DE ESPAÇO QUALIFICADO;SERIADA EM TEMPORADA ÚNICA;154;7;2024;2024;CURTA! PROGRAMADORA DE CANAIS DE TV LTDA;17.164.803/0001-84
BLOOMBERG BALANCE OF POWER;BLOOMBERG BALANCE OF POWER;E2600135900000;27/04/2026;REGISTRADO;JORNALÍSTICA;;COMUM;SERIADA DE DURAÇÃO INDETERMINADA;21900;365;2026;2026;BLOOMBERG DO BRASIL COMÉRCIO E SERVIÇOS LTDA.;74.232.679/0001-80
BLOOMBERG BRIEF;BLOOMBERG BRIEF;E2600132500000;27/04/2026;REGISTRADO;JORNALÍSTICA;;COMUM;SERIADA DE DURAÇÃO INDETERMINADA;21900;365;2026;2026;BLOOMBERG DO BRASIL COMÉRCIO E SERVIÇOS LTDA.;74.232.679/0001-80
BLOOMBERG BUSINESSWEEK DAILY;BLOOMBERG BUSINESSWEEK DAILY;E2600135400000;27/04/2026;REGISTRADO;JORNALÍSTICA;;COMUM;SERIADA DE DURAÇÃO INDETERMINADA;21900;365;2026;2026;BLOOMBERG DO BRASIL COMÉRCIO E SERVIÇOS LTDA.;74.232.679/0001-80
BLOOMBERG CRYPTO;BLOOMBERG CRYPTO;E2600135300000;27/04/2026;REGISTRADO;JORNALÍSTICA;;COMUM;SERIADA DE DURAÇÃO INDETERMINADA;1650;55;2026;2026;BLOOMBERG DO BRASIL COMÉRCIO E SERVIÇOS LTDA.;74.232.679/0001-80
BLOOMBERG DAYBREAK EUROPE;BLOOMBERG DAYBREAK EUROPE;E2600135200000;27/04/2026;REGISTRADO;JORNALÍSTICA;;COMUM;SERIADA DE DURAÇÃO INDETERMINADA;21900;365;2026;2026;BLOOMBERG DO BRASIL COMÉRCIO E SERVIÇOS LTDA.;74.232.679/0001-80
BLOOMBERG DAYBREAK: MIDDLE EAST;BLOOMBERG DAYBREAK: MIDDLE EAST;E2600135100000;27/04/2026;REGISTRADO;JORNALÍSTICA;;COMUM;SERIADA DE DURAÇÃO INDETERMINADA;3600;60;2026;2026;BLOOMBERG DO BRASIL COMÉRCIO E SERVIÇOS LTDA.;74.232.679/0001-80
BLOOMBERG DEALS;BLOOMBERG DEALS;E2600132300000;27/04/2026;REGISTRADO;JORNALÍSTICA;;COMUM;SERIADA DE DURAÇÃO INDETERMINADA;1440;24;2026;2026;BLOOMBERG DO BRASIL COMÉRCIO E SERVIÇOS LTDA.;74.232.679/0001-80
BLOOMBERG ETF IQ;BLOOMBERG ETF IQ;E2600135000000;27/04/2026;REGISTRADO;JORNALÍSTICA;;COMUM;SERIADA DE DURAÇÃO INDETERMINADA;1650;55;2026;2026;BLOOMBERG DO BRASIL COMÉRCIO E SERVIÇOS LTDA.;74.232.679/0001-80
BLOOMBERG HORIZONS MIDDLE EAST & AFRICA;BLOOMBERG HORIZONS MIDDLE EAST & AFRICA;E2600132700000;27/04/2026;REGISTRADO;JORNALÍSTICA;;COMUM;SERIADA DE DURAÇÃO INDETERMINADA;21900;365;2026;2026;BLOOMBERG DO BRASIL COMÉRCIO E SERVIÇOS LTDA.;74.232.679/0001-80
BLOOMBERG INSIGHT WITH HASLINDA AMIN;BLOOMBERG INSIGHT WITH HASLINDA AMIN;E2600132900000;27/04/2026;REGISTRADO;JORNALÍSTICA;;COMUM;SERIADA DE DURAÇÃO INDETERMINADA;21900;365;2026;2026;BLOOMBERG DO BRASIL COMÉRCIO E SERVIÇOS LTDA.;74.232.679/0001-80
BLOOMBERG INVESTIGATES;BLOOMBERG INVESTIGATES;E2600133100000;27/04/2026;REGISTRADO;JORNALÍSTICA;;COMUM;SERIADA DE DURAÇÃO INDETERMINADA;720;12;2026;2026;BLOOMBERG DO BRASIL COMÉRCIO E SERVIÇOS LTDA.;74.232.679/0001-80
BLOOMBERG MARKETS;BLOOMBERG MARKETS;E2600133600000;27/04/2026;REGISTRADO;JORNALÍSTICA;;COMUM;SERIADA DE DURAÇÃO INDETERMINADA;3600;60;2026;2026;BLOOMBERG DO BRASIL COMÉRCIO E SERVIÇOS LTDA.;74.232.679/0001-80
BLOOMBERG MARKETS: EUROPE;BLOOMBERG MARKETS: EUROPE;E2600134700000;27/04/2026;REGISTRADO;JORNALÍSTICA;;COMUM;SERIADA DE DURAÇÃO INDETERMINADA;21900;365;2026;2026;BLOOMBERG DO BRASIL COMÉRCIO E SERVIÇOS LTDA.;74.232.679/0001-80
BLOOMBERG MARKETS: EUROPEAN OPEN;BLOOMBERG MARKETS: EUROPEAN OPEN;E2600134800000;27/04/2026;REGISTRADO;JORNALÍSTICA;;COMUM;SERIADA DE DURAÇÃO INDETERMINADA;3600;60;2026;2026;BLOOMBERG DO BRASIL COMÉRCIO E SERVIÇOS LTDA.;74.232.679/0001-80
BLOOMBERG NEW ECONOMY: THRIVING IN AN AGE OF EXTREMES;BLOOMBERG NEW ECONOMY: THRIVING IN AN AGE OF EXTREMES;E2600134900000;27/04/2026;REGISTRADO;JORNALÍSTICA;;COMUM;SERIADA DE DURAÇÃO INDETERMINADA;1080;36;2026;2026;BLOOMBERG DO BRASIL COMÉRCIO E SERVIÇOS LTDA.;74.232.679/0001-80
BLOOMBERG NEXT AFRICA;BLOOMBERG NEXT AFRICA;E2600134600000;27/04/2026;REGISTRADO;JORNALÍSTICA;;COMUM;SERIADA DE DURAÇÃO INDETERMINADA;720;24;2026;2026;BLOOMBERG DO BRASIL COMÉRCIO E SERVIÇOS LTDA.;74.232.679/0001-80
BLOOMBERG OPEN INTEREST;BLOOMBERG OPEN INTEREST;E2600134500000;27/04/2026;REGISTRADO;JORNALÍSTICA;;COMUM;SERIADA DE DURAÇÃO INDETERMINADA;43800;365;2026;2026;BLOOMBERG DO BRASIL COMÉRCIO E SERVIÇOS LTDA.;74.232.679/0001-80
BLOOMBERG ORIGINALS;BLOOMBERG ORIGINALS;E2600134400000;27/04/2026;REGISTRADO;JORNALÍSTICA;;COMUM;SERIADA DE DURAÇÃO INDETERMINADA;1200;40;2026;2026;BLOOMBERG DO BRASIL COMÉRCIO E SERVIÇOS LTDA.;74.232.679/0001-80
BLOOMBERG PRIMER;BLOOMBERG PRIMER;E2600134300000;27/04/2026;REGISTRADO;JORNALÍSTICA;;COMUM;SERIADA DE DURAÇÃO INDETERMINADA;720;24;2026;2026;BLOOMBERG DO BRASIL COMÉRCIO E SERVIÇOS LTDA.;74.232.679/0001-80
BLOOMBERG REAL YIELD;BLOOMBERG REAL YIELD;E2600133900000;27/04/2026;REGISTRADO;JORNALÍSTICA;;COMUM;SERIADA DE DURAÇÃO INDETERMINADA;1650;55;2026;2026;BLOOMBERG DO BRASIL COMÉRCIO E SERVIÇOS LTDA.;74.232.679/0001-80
BLOOMBERG SCREENTIME: THE BUSINESS OF POP CULTURE;BLOOMBERG SCREENTIME: THE BUSINESS OF POP CULTURE;E2600136700000;28/04/2026;REGISTRADO;JORNALÍSTICA;;COMUM;SERIADA DE DURAÇÃO INDETERMINADA;720;24;2026;2026;BLOOMBERG DO BRASIL COMÉRCIO E SERVIÇOS LTDA.;74.232.679/0001-80
BLOOMBERG SPECIAL COVERAGE;BLOOMBERG SPECIAL COVERAGE;E2600133800000;27/04/2026;REGISTRADO;JORNALÍSTICA;;COMUM;SERIADA DE DURAÇÃO INDETERMINADA;7200;60;2026;2026;BLOOMBERG DO BRASIL COMÉRCIO E SERVIÇOS LTDA.;74.232.679/0001-80
BLOOMBERG SPECIAL REPORT;BLOOMBERG SPECIAL REPORT;E2600133700000;27/04/2026;REGISTRADO;JORNALÍSTICA;;COMUM;SERIADA DE DURAÇÃO INDETERMINADA;3000;100;2026;2026;BLOOMBERG DO BRASIL COMÉRCIO E SERVIÇOS LTDA.;74.232.679/0001-80
BLOOMBERG SURVEILLANCE;BLOOMBERG SURVEILLANCE;E2600133500000;27/04/2026;REGISTRADO;JORNALÍSTICA;;COMUM;SERIADA DE DURAÇÃO INDETERMINADA;65700;365;2026;2026;BLOOMBERG DO BRASIL COMÉRCIO E SERVIÇOS LTDA.;74.232.679/0001-80
BLOOMBERG SURVEILLANCE: EARLY EDITION;BLOOMBERG SURVEILLANCE: EARLY EDITION;E2600133400000;27/04/2026;REGISTRADO;JORNALÍSTICA;;COMUM;SERIADA DE DURAÇÃO INDETERMINADA;3600;60;2026;2026;BLOOMBERG DO BRASIL COMÉRCIO E SERVIÇOS LTDA.;74.232.679/0001-80
BLOOMBERG SURVEILLANCE: THE FED DECIDES;BLOOMBERG SURVEILLANCE: THE FED DECIDES;E2600133300000;27/04/2026;REGISTRADO;JORNALÍSTICA;;COMUM;SERIADA DE DURAÇÃO INDETERMINADA;5400;36;2026;2026;BLOOMBERG DO BRASIL COMÉRCIO E SERVIÇOS LTDA.;74.232.679/0001-80
BLOOMBERG TECH;BLOOMBERG TECH;E2600133200000;27/04/2026;REGISTRADO;JORNALÍSTICA;;COMUM;SERIADA DE DURAÇÃO INDETERMINADA;21900;365;2026;2026;BLOOMBERG DO BRASIL COMÉRCIO E SERVIÇOS LTDA.;74.232.679/0001-80
BLOOMBERG THE ASIA TRADE;BLOOMBERG THE ASIA TRADE;E2600133000000;27/04/2026;REGISTRADO;JORNALÍSTICA;;COMUM;SERIADA DE DURAÇÃO INDETERMINADA;21900;365;2026;2026;BLOOMBERG DO BRASIL COMÉRCIO E SERVIÇOS LTDA.;74.232.679/0001-80
BLOOMBERG THE CLOSE;BLOOMBERG THE CLOSE;E2600132800000;27/04/2026;REGISTRADO;JORNALÍSTICA;;COMUM;SERIADA DE DURAÇÃO INDETERMINADA;43800;365;2026;2026;BLOOMBERG DO BRASIL COMÉRCIO E SERVIÇOS LTDA.;74.232.679/0001-80
BLOOMBERG THE OPENING TRADE;BLOOMBERG THE OPENING TRADE;E2600132600000;27/04/2026;REGISTRADO;JORNALÍSTICA;;COMUM;SERIADA DE DURAÇÃO INDETERMINADA;21900;365;2026;2026;BLOOMBERG DO BRASIL COMÉRCIO E SERVIÇOS LTDA.;74.232.679/0001-80
BLOOMBERG THIS WEEKEND;BLOOMBERG THIS WEEKEND;E2600132400000;27/04/2026;REGISTRADO;JORNALÍSTICA;;COMUM;SERIADA DE DURAÇÃO INDETERMINADA;8640;48;2026;2026;BLOOMBERG DO BRASIL COMÉRCIO E SERVIÇOS LTDA.;74.232.679/0001-80
BLOOMBERG WALL STREET WEEK;BLOOMBERG WALL STREET WEEK;E2600132200000;27/04/2026;REGISTRADO;JORNALÍSTICA;;COMUM;SERIADA DE DURAÇÃO INDETERMINADA;3300;55;2026;2026;BLOOMBERG DO BRASIL COMÉRCIO E SERVIÇOS LTDA.;74.232.679/0001-80
BLOOMBERG WEALTH WITH DAVID RUBENSTEIN;BLOOMBERG WEALTH WITH DAVID RUBENSTEIN;E2600132100000;27/04/2026;REGISTRADO;JORNALÍSTICA;;COMUM;SERIADA DE DURAÇÃO INDETERMINADA;5400;90;2026;2026;BLOOMBERG DO BRASIL COMÉRCIO E SERVIÇOS LTDA.;74.232.679/0001-80
BLUE CARBON;CARBONO AZUL - O PODER OCULTO DA NATUREZA;E2600146400000;05/05/2026;REGISTRADO;DOCUMENTÁRIO;;ESTRANGEIRA CONSTITUINTE DE ESPAÇO QUALIFICADO;NÃO SERIADA;84;;2023;;SERVICO SOCIAL DO COMERCIO - SESC - ADMINISTRACAO REGIONAL NO ESTADO DE SAO PAULO;03.667.884/0001-20
BLUE LOCK;BLUE LOCK;E2600208600000;26/06/2026;REGISTRADO;FICÇÃO;;ESTRANGEIRA CONSTITUINTE DE ESPAÇO QUALIFICADO;NÃO SERIADA;91;;2026;;SA DISTRIBUIDORA DE CONTEÚDO AUDIOVISUAL LTDA;33.356.343/0001-42
BLUEY AT THE CINEMA: PLAYDATES WITH FRIENDS;BLUEY NO CINEMA: COLEÇÃO MOMENTOS DE DIVERSÃO COM AMIGOS;E2600099900000;31/03/2026;REGISTRADO;ANIMAÇÃO;;ESTRANGEIRA CONSTITUINTE DE ESPAÇO QUALIFICADO;NÃO SERIADA;111;;2026;;CINECOLOR DO BRASIL LTDA;05.332.959/0001-48
BONE LAKE;LAGO DOS OSSOS;E2600137700000;28/04/2026;REGISTRADO;FICÇÃO;;ESTRANGEIRA CONSTITUINTE DE ESPAÇO QUALIFICADO;NÃO SERIADA;94;;2024;;PLAYARTE PICTURES ENTRETENIMENTOS LTDA.;00.943.231/0001-39
BONEYARD;SEM DEIXAR VESTÍGIOS;E2600009600000;13/01/2026;REGISTRADO;FICÇÃO;;ESTRANGEIRA CONSTITUINTE DE ESPAÇO QUALIFICADO;NÃO SERIADA;96;;2024;;GLOBO COMUNICACAO E PARTICIPACOES S/A;27.865.757/0001-02
BOSTON BLUE - SEASON 1;BOSTON BLUE - SEASON 1;E2600125700000;23/04/2026;REGISTRADO;FICÇÃO;;ESTRANGEIRA CONSTITUINTE DE ESPAÇO QUALIFICADO;SERIADA EM MÚLTIPLAS TEMPORADAS;1200;20;2025;2025;NBCUNIVERSAL NETWORKS INTERNATIONAL BRASIL PROGRAMADORA S/A;01.253.766/0001-40
BRING ME THE HORIZON - L.I.V.E. IN SÃO PAULO (LIVE IMMERSIVE VIRTUAL EXPERIMENT);BRING ME THE HORIZON - L.I.V.E. IN SÃO PAULO (LIVE IMMERSIVE VIRTUAL EXPERIMENT);E2600033100000;04/02/2026;REGISTRADO;VÍDEOMUSICAL;;ESTRANGEIRA CONSTITUINTE DE ESPAÇO QUALIFICADO;NÃO SERIADA;110;;2025;;UNITED CINEMAS INTERNATIONAL BRASIL LTDA.;01.289.530/0001-64
BRUNO DIEGUES - DOPAMINA;;E2600271900000;18/08/2026;REGISTRADO;VÍDEOMUSICAL;;ESTRANGEIRA CONSTITUINTE DE ESPAÇO QUALIFICADO;NÃO SERIADA;2,7;;2026;;GLOBO COMUNICACAO E PARTICIPACOES S/A;27.865.757/0001-02
BRUNO DIEGUES PART. SORRISO MAROTO - CLICK;BRUNO DIEGUES PART. SORRISO MAROTO - CLICK;E2600115400000;16/04/2026;REGISTRADO;VÍDEOMUSICAL;;ESTRANGEIRA CONSTITUINTE DE ESPAÇO QUALIFICADO;NÃO SERIADA;2,6;;2026;;GLOBO COMUNICACAO E PARTICIPACOES S/A;27.865.757/0001-02
BRUNO MARS - I JUST MIGHT;BRUNO MARS - I JUST MIGHT;E2600053000000;24/02/2026;REGISTRADO;VÍDEOMUSICAL;;ESTRANGEIRA CONSTITUINTE DE ESPAÇO QUALIFICADO;NÃO SERIADA;3,5;;2026;;GLOBO COMUNICACAO E PARTICIPACOES S/A;27.865.757/0001-02
BRUNO MARS - RISK IT ALL;BRUNO MARS - RISK IT ALL;E2600090600000;25/03/2026;REGISTRADO;VÍDEOMUSICAL;;ESTRANGEIRA CONSTITUINTE DE ESPAÇO QUALIFICADO;NÃO SERIADA;3,4;;2026;;GLOBO COMUNICACAO E PARTICIPACOES S/A;27.865.757/0001-02
BTS - 2.0;BTS - 2.0;E2600116000000;16/04/2026;REGISTRADO;VÍDEOMUSICAL;;ESTRANGEIRA CONSTITUINTE DE ESPAÇO QUALIFICADO;NÃO SERIADA;3,7;;2026;;GLOBO COMUNICACAO E PARTICIPACOES S/A;27.865.757/0001-02
BTS - HOOLIGAN;BTS - HOOLIGAN;E2600115900000;16/04/2026;REGISTRADO;VÍDEOMUSICAL;;ESTRANGEIRA CONSTITUINTE DE ESPAÇO QUALIFICADO;NÃO SERIADA;3,5;;2026;;GLOBO COMUNICACAO E PARTICIPACOES S/A;27.865.757/0001-02
BTS - SWIM;BTS - SWIM;E2600117000000;16/04/2026;REGISTRADO;VÍDEOMUSICAL;;ESTRANGEIRA CONSTITUINTE DE ESPAÇO QUALIFICADO;NÃO SERIADA;2,8;;2026;;GLOBO COMUNICACAO E PARTICIPACOES S/A;27.865.757/0001-02
BTS WORLD TOUR 'ARIRANG' IN BUSAN: LIVE VIEWING;BTS WORLD TOUR 'ARIRANG' IN BUSAN: LIVE VIEWING;E2600162200000;19/05/2026;REGISTRADO;VÍDEOMUSICAL;Registro de Eventos;ESTRANGEIRA CONSTITUINTE DE ESPAÇO QUALIFICADO;NÃO SERIADA;195;;2026;;CINECOLOR DO BRASIL LTDA;05.332.959/0001-48
BTS WORLD TOUR ‘ARIRANG’ IN GOYANG: LIVE VIEWING;BTS WORLD TOUR ‘ARIRANG’ IN GOYANG: LIVE VIEWING;E2600066700000;04/03/2026;REGISTRADO;VÍDEOMUSICAL;Registro de Eventos;ESTRANGEIRA CONSTITUINTE DE ESPAÇO QUALIFICADO;NÃO SERIADA;195;;2026;;CINECOLOR DO BRASIL LTDA;05.332.959/0001-48
BTS WORLD TOUR ‘ARIRANG’ IN JAPAN LIVE VIEWING;BTS WORLD TOUR ‘ARIRANG’ IN JAPAN LIVE VIEWING;E2600067400000;04/03/2026;REGISTRADO;VÍDEOMUSICAL;Registro de Eventos;ESTRANGEIRA CONSTITUINTE DE ESPAÇO QUALIFICADO;NÃO SERIADA;195;;2026;;CINECOLOR DO BRASIL LTDA;05.332.959/0001-48
BUDAH E DUQUESA - VIP;BUDAH E DUQUESA - VIP;E2600117100000;16/04/2026;REGISTRADO;VÍDEOMUSICAL;;ESTRANGEIRA CONSTITUINTE DE ESPAÇO QUALIFICADO;NÃO SERIADA;2,9;;2026;;GLOBO COMUNICACAO E PARTICIPACOES S/A;27.865.757/0001-02
BURLESQUE ON CARMEN, A;OS AMORES DE CARMEN;E2600082800000;18/03/2026;REGISTRADO;FICÇÃO;;ESTRANGEIRA CONSTITUINTE DE ESPAÇO QUALIFICADO;NÃO SERIADA;31;;1915;;GLOBO COMUNICACAO E PARTICIPACOES S/A;27.865.757/0001-02
BUSINESSWEEK CONVENES: BLACK LEADERS FACE THE DEI BACKLASH;BUSINESSWEEK CONVENES: BLACK LEADERS FACE THE DEI BACKLASH;E2600132000000;27/04/2026;REGISTRADO;JORNALÍSTICA;;COMUM;SERIADA DE DURAÇÃO INDETERMINADA;2160;36;2026;2026;BLOOMBERG DO BRASIL COMÉRCIO E SERVIÇOS LTDA.;74.232.679/0001-80
BY ANY MEANS;NO LIMITE DA JUSTIÇA;E2600159800000;18/05/2026;REGISTRADO;FICÇÃO;;ESTRANGEIRA CONSTITUINTE DE ESPAÇO QUALIFICADO;NÃO SERIADA;110;;2026;;DIAMOND FILMS DO BRASIL PRODUÇÃO E DISTRIBUIÇÃO AUDIOVISUAL LTDA.;17.095.184/0001-13
CALEMA E LAUANA PRADO - XÊ DAMA;CALEMA E LAUANA PRADO - XÊ DAMA;E2600200100000;22/06/2026;REGISTRADO;VÍDEOMUSICAL;;ESTRANGEIRA CONSTITUINTE DE ESPAÇO QUALIFICADO;NÃO SERIADA;2,6;;2026;;GLOBO COMUNICACAO E PARTICIPACOES S/A;27.865.757/0001-02
CAN’T LOOK AWAY: THE CASE AGAINST SOCIAL MEDIA;CAN’T LOOK AWAY: THE CASE AGAINST SOCIAL MEDIA;E2600131900000;27/04/2026;REGISTRADO;JORNALÍSTICA;;COMUM;SERIADA DE DURAÇÃO INDETERMINADA;720;24;2026;2026;BLOOMBERG DO BRASIL COMÉRCIO E SERVIÇOS LTDA.;74.232.679/0001-80
CAPITAL INICIAL - VOCÊ ME AMA DE VERDADE?;CAPITAL INICIAL - VOCÊ ME AMA DE VERDADE?;E2600051800000;23/02/2026;REGISTRADO;VÍDEOMUSICAL;;ESTRANGEIRA CONSTITUINTE DE ESPAÇO QUALIFICADO;NÃO SERIADA;3,6;;2026;;GLOBO COMUNICACAO E PARTICIPACOES S/A;27.865.757/0001-02
CARLY ANN TAYLOR -  WHY SHOULD I WORRY (REMIND ME VERSION);CARLY ANN TAYLOR -  WHY SHOULD I WORRY (REMIND ME VERSION);E2600117200000;16/04/2026;REGISTRADO;VÍDEOMUSICAL;;ESTRANGEIRA CONSTITUINTE DE ESPAÇO QUALIFICADO;NÃO SERIADA;3,6;;2026;;GLOBO COMUNICACAO E PARTICIPACOES S/A;27.865.757/0001-02
CAROL BIAZIN PART. LÉO FOGUETE - O QUE SOBROU DO AMOR?;CAROL BIAZIN PART. LÉO FOGUETE - O QUE SOBROU DO AMOR?;E2600053200000;24/02/2026;REGISTRADO;VÍDEOMUSICAL;;ESTRANGEIRA CONSTITUINTE DE ESPAÇO QUALIFICADO;NÃO SERIADA;2,4;;2026;;GLOBO COMUNICACAO E PARTICIPACOES S/A;27.865.757/0001-02
CAROL TAUBER PART. DALETE HUNGRIA - TRAZ RENOVO;CAROL TAUBER PART. DALETE HUNGRIA - TRAZ RENOVO;E2600238700000;23/07/2026;REGISTRADO;VÍDEOMUSICAL;;ESTRANGEIRA CONSTITUINTE DE ESPAÇO QUALIFICADO;NÃO SERIADA;4,9;;2026;;GLOBO COMUNICACAO E PARTICIPACOES S/A;27.865.757/0001-02
CAROL TAUBER PART. ISADORA POMPEO E MARIA MARÇAL - OS SONHOS DE DEUS;CAROL TAUBER PART. ISADORA POMPEO E MARIA MARÇAL - OS SONHOS DE DEUS;E2600238800000;23/07/2026;REGISTRADO;VÍDEOMUSICAL;;ESTRANGEIRA CONSTITUINTE DE ESPAÇO QUALIFICADO;NÃO SERIADA;5,2;;2026;;GLOBO COMUNICACAO E PARTICIPACOES S/A;27.865.757/0001-02
CAROL TAUBER PART. RAQUEL PEREIRA - REI ACABE;CAROL TAUBER PART. RAQUEL PEREIRA - REI ACABE;E2600238900000;23/07/2026;REGISTRADO;VÍDEOMUSICAL;;ESTRANGEIRA CONSTITUINTE DE ESPAÇO QUALIFICADO;NÃO SERIADA;6,6;;2026;;GLOBO COMUNICACAO E PARTICIPACOES S/A;27.865.757/0001-02
CATS IN THE MUSEUM: TREASURES OF EGYPT;GATOS NO MUSEU 2 - TESOUROS DO EGITO;E2600012900000;15/01/2026;REGISTRADO;ANIMAÇÃO;;ESTRANGEIRA CONSTITUINTE DE ESPAÇO QUALIFICADO;NÃO SERIADA;90;;2026;;WMIX DISTRIBUIDORA LTDA.;03.918.609/0001-32
CESÁRIA EVORA;;E2600243800000;24/07/2026;REGISTRADO;DOCUMENTÁRIO;;ESTRANGEIRA CONSTITUINTE DE ESPAÇO QUALIFICADO;NÃO SERIADA;94;;2022;;P & M DISTRIBUIDORA DE FILMES LTDA;22.910.081/0001-08
CHAMPAGNE;CHAMPAGNE - UMA VIAGEM DE PAI E FILHO;E2600192700000;16/06/2026;REGISTRADO;FICÇÃO;;ESTRANGEIRA CONSTITUINTE DE ESPAÇO QUALIFICADO;NÃO SERIADA;90;;2026;;AUTORAL DISTRIBUIDORA DE FILMES LTDA;60.120.519/0001-35
CHAMPION, THE;CAMPEÃO DE BOXE;E2600082900000;18/03/2026;REGISTRADO;FICÇÃO;;ESTRANGEIRA CONSTITUINTE DE ESPAÇO QUALIFICADO;NÃO SERIADA;30;;1915;;GLOBO COMUNICACAO E PARTICIPACOES S/A;27.865.757/0001-02
CHAPLIN'S MODERN TIMES: THE PATH OF SILENCE;CHAPLIN E OS TEMPOS MODERNOS;E2600137800000;28/04/2026;REGISTRADO;DOCUMENTÁRIO;;ESTRANGEIRA CONSTITUINTE DE ESPAÇO QUALIFICADO;NÃO SERIADA;54;;2025;;CURTA! PROGRAMADORA DE CANAIS DE TV LTDA;17.164.803/0001-84
CHARLI XCX - ROCK MUSIC;;E2600272000000;18/08/2026;REGISTRADO;VÍDEOMUSICAL;;ESTRANGEIRA CONSTITUINTE DE ESPAÇO QUALIFICADO;NÃO SERIADA;2,0;;2026;;GLOBO COMUNICACAO E PARTICIPACOES S/A;27.865.757/0001-02
CHARLI XCX - SS26;;E2600272100000;18/08/2026;REGISTRADO;VÍDEOMUSICAL;;ESTRANGEIRA CONSTITUINTE DE ESPAÇO QUALIFICADO;NÃO SERIADA;2,9;;2026;;GLOBO COMUNICACAO E PARTICIPACOES S/A;27.865.757/0001-02
CHARLI XCX - WINK WINK;;E2600272200000;18/08/2026;REGISTRADO;VÍDEOMUSICAL;;ESTRANGEIRA CONSTITUINTE DE ESPAÇO QUALIFICADO;NÃO SERIADA;2,1;;2026;;GLOBO COMUNICACAO E PARTICIPACOES S/A;27.865.757/0001-02
CHARLIE THE WONDERDOG;CHARLIE: O CÃO MARAVILHA;E2600162500000;19/05/2026;REGISTRADO;ANIMAÇÃO;;ESTRANGEIRA CONSTITUINTE DE ESPAÇO QUALIFICADO;NÃO SERIADA;95;;2025;;GLOBO COMUNICACAO E PARTICIPACOES S/A;27.865.757/0001-02
CHASE ATLANTIC: LOST IN HEAVEN;CHASE ATLANTIC: LOST IN HEAVEN;E2600003400000;06/01/2026;REGISTRADO;VÍDEOMUSICAL;Registro de Eventos;ESTRANGEIRA CONSTITUINTE DE ESPAÇO QUALIFICADO;NÃO SERIADA;101;;2025;;UNITED CINEMAS INTERNATIONAL BRASIL LTDA.;01.289.530/0001-64
CHASING THE RAINS;;E2600196100000;18/06/2026;REGISTRADO;DOCUMENTÁRIO;;ESTRANGEIRA CONSTITUINTE DE ESPAÇO QUALIFICADO;SERIADA EM TEMPORADA ÚNICA;360;6;2022;2022;EMPRESA BRASIL DE COMUNICACAO S.A. - EBC;09.168.704/0001-42
CHET FAKER -  1000 WAYS;CHET FAKER -  1000 WAYS;E2600115500000;16/04/2026;REGISTRADO;VÍDEOMUSICAL;;ESTRANGEIRA CONSTITUINTE DE ESPAÇO QUALIFICADO;NÃO SERIADA;4,0;;2026;;GLOBO COMUNICACAO E PARTICIPACOES S/A;27.865.757/0001-02
CHET FAKER -  CAN YOU SWIM?;CHET FAKER -  CAN YOU SWIM?;E2600049900000;23/02/2026;REGISTRADO;VÍDEOMUSICAL;;ESTRANGEIRA CONSTITUINTE DE ESPAÇO QUALIFICADO;NÃO SERIADA;4,8;;2026;;GLOBO COMUNICACAO E PARTICIPACOES S/A;27.865.757/0001-02
CHET FAKER - OVER YOU;CHET FAKER - OVER YOU;E2600090500000;25/03/2026;REGISTRADO;VÍDEOMUSICAL;;ESTRANGEIRA CONSTITUINTE DE ESPAÇO QUALIFICADO;NÃO SERIADA;4,9;;2026;;GLOBO COMUNICACAO E PARTICIPACOES S/A;27.865.757/0001-02
CHET FAKER - THIS TIME FOR REAL;CHET FAKER - THIS TIME FOR REAL;E2600050000000;23/02/2026;REGISTRADO;VÍDEOMUSICAL;;ESTRANGEIRA CONSTITUINTE DE ESPAÇO QUALIFICADO;NÃO SERIADA;3,0;;2026;;GLOBO COMUNICACAO E PARTICIPACOES S/A;27.865.757/0001-02
CHIEF FUTURE OFFICER;CHIEF FUTURE OFFICER;E2600131800000;27/04/2026;REGISTRADO;JORNALÍSTICA;;COMUM;SERIADA DE DURAÇÃO INDETERMINADA;1440;24;2026;2026;BLOOMBERG DO BRASIL COMÉRCIO E SERVIÇOS LTDA.;74.232.679/0001-80
CHOPIN, CHOPIN!;CHOPIN, UMA SONATA EM PARIS;E2600100000000;31/03/2026;REGISTRADO;FICÇÃO;;ESTRANGEIRA CONSTITUINTE DE ESPAÇO QUALIFICADO;NÃO SERIADA;133;;2025;;SYNAPSE BRAZIL LICENCIAMENTO DE DIREITOS AUDIOVISUAIS LTDA;02.185.369/0001-41
CHRIS BROWN FEAT. LEON THOMAS - FALLIN';CHRIS BROWN FEAT. LEON THOMAS - FALLIN';E2600201100000;22/06/2026;REGISTRADO;VÍDEOMUSICAL;;ESTRANGEIRA CONSTITUINTE DE ESPAÇO QUALIFICADO;NÃO SERIADA;4,4;;2026;;GLOBO COMUNICACAO E PARTICIPACOES S/A;27.865.757/0001-02
CHRISTMAS UNCORKED;BRINDANDO O NATAL;E2600198000000;19/06/2026;REGISTRADO;FICÇÃO;;ESTRANGEIRA CONSTITUINTE DE ESPAÇO QUALIFICADO;NÃO SERIADA;84;;2024;;GLOBO COMUNICACAO E PARTICIPACOES S/A;27.865.757/0001-02
CIA - SEASON 1;CIA - SEASON 1;E2600125800000;23/04/2026;REGISTRADO;FICÇÃO;;ESTRANGEIRA CONSTITUINTE DE ESPAÇO QUALIFICADO;SERIADA EM MÚLTIPLAS TEMPORADAS;720;12;2026;2026;NBCUNIVERSAL NETWORKS INTERNATIONAL BRASIL PROGRAMADORA S/A;01.253.766/0001-40
CLAUDIA LEITTE - A CHAVE;CLAUDIA LEITTE - A CHAVE;E2600053300000;24/02/2026;REGISTRADO;VÍDEOMUSICAL;;ESTRANGEIRA CONSTITUINTE DE ESPAÇO QUALIFICADO;NÃO SERIADA;3,2;;2026;;GLOBO COMUNICACAO E PARTICIPACOES S/A;27.865.757/0001-02
CLAUDIA LEITTE - ESPECIARIAS;CLAUDIA LEITTE - ESPECIARIAS;E2600053600000;24/02/2026;REGISTRADO;VÍDEOMUSICAL;;ESTRANGEIRA CONSTITUINTE DE ESPAÇO QUALIFICADO;NÃO SERIADA;2,6;;2026;;GLOBO COMUNICACAO E PARTICIPACOES S/A;27.865.757/0001-02
CLAUDIA LEITTE - SE UM DIA EU CHOREI;CLAUDIA LEITTE - SE UM DIA EU CHOREI;E2600053700000;24/02/2026;REGISTRADO;VÍDEOMUSICAL;;ESTRANGEIRA CONSTITUINTE DE ESPAÇO QUALIFICADO;NÃO SERIADA;3,0;;2026;;GLOBO COMUNICACAO E PARTICIPACOES S/A;27.865.757/0001-02
CLAYTON & ROMÁRIO -  NÃO NAMORA;CLAYTON & ROMÁRIO -  NÃO NAMORA;E2600117300000;16/04/2026;REGISTRADO;VÍDEOMUSICAL;;ESTRANGEIRA CONSTITUINTE DE ESPAÇO QUALIFICADO;NÃO SERIADA;2,3;;2026;;GLOBO COMUNICACAO E PARTICIPACOES S/A;27.865.757/0001-02
COLDPLAY – A SKY FULL OF STARS;COLDPLAY – A SKY FULL OF STARS;E2600242300000;23/07/2026;REGISTRADO;VÍDEOMUSICAL;;ESTRANGEIRA CONSTITUINTE DE ESPAÇO QUALIFICADO;NÃO SERIADA;3,7;;2014;;GLOBO COMUNICACAO E PARTICIPACOES S/A;27.865.757/0001-02
COLONY;ZONA ZERO;E2600163600000;20/05/2026;REGISTRADO;FICÇÃO;;ESTRANGEIRA CONSTITUINTE DE ESPAÇO QUALIFICADO;NÃO SERIADA;122;;2026;;SM DISTRIBUIDORA DE FILMES LTDA;08.257.054/0001-49
COLOURS OF TIME;AS CORES DO TEMPO;E2600190600000;11/06/2026;REGISTRADO;FICÇÃO;;ESTRANGEIRA CONSTITUINTE DE ESPAÇO QUALIFICADO;NÃO SERIADA;124;;2025;;TAG CULTURAL DISTRIBUIDORA DE FILMES LTDA;03.599.148/0001-82
COSMIC SIN;INVASÃO CÓSMICA;E2600198100000;19/06/2026;REGISTRADO;FICÇÃO;;ESTRANGEIRA CONSTITUINTE DE ESPAÇO QUALIFICADO;NÃO SERIADA;88;;2021;;GLOBO COMUNICACAO E PARTICIPACOES S/A;27.865.757/0001-02
COUTURES;VIDAS ENTRELAÇADAS;E2600065500000;03/03/2026;REGISTRADO;FICÇÃO;;ESTRANGEIRA CONSTITUINTE DE ESPAÇO QUALIFICADO;NÃO SERIADA;106;;2025;;SYNAPSE BRAZIL LICENCIAMENTO DE DIREITOS AUDIOVISUAIS LTDA;02.185.369/0001-41
CRISTIANO ARAÚJO E FRED & FABRÍCIO - AS LÁGRIMAS VÃO TE AFOGAR;CRISTIANO ARAÚJO E FRED & FABRÍCIO - AS LÁGRIMAS VÃO TE AFOGAR;E2600237100000;22/07/2026;REGISTRADO;VÍDEOMUSICAL;;ESTRANGEIRA CONSTITUINTE DE ESPAÇO QUALIFICADO;NÃO SERIADA;3,0;;2026;;GLOBO COMUNICACAO E PARTICIPACOES S/A;27.865.757/0001-02
CRISTINAS - AMIGA, PARA!;CRISTINAS - AMIGA, PARA!;E2600090700000;25/03/2026;REGISTRADO;VÍDEOMUSICAL;;ESTRANGEIRA CONSTITUINTE DE ESPAÇO QUALIFICADO;NÃO SERIADA;2,6;;2026;;GLOBO COMUNICACAO E PARTICIPACOES S/A;27.865.757/0001-02
CUARTO DE HORA;UM QUARTO DE HORA;E2600176100000;27/05/2026;REGISTRADO;FICÇÃO;;ESTRANGEIRA CONSTITUINTE DE ESPAÇO QUALIFICADO;NÃO SERIADA;17;;2023;;SERVICO SOCIAL DO COMERCIO - SESC - ADMINISTRACAO REGIONAL NO ESTADO DE SAO PAULO;03.667.884/0001-20
CULTURE WARS - DON'T SPEAK;;E2600272300000;18/08/2026;REGISTRADO;VÍDEOMUSICAL;;ESTRANGEIRA CONSTITUINTE DE ESPAÇO QUALIFICADO;NÃO SERIADA;3,6;;2026;;GLOBO COMUNICACAO E PARTICIPACOES S/A;27.865.757/0001-02
CULTURE WARS - IN THE MORNING;CULTURE WARS - IN THE MORNING;E2600012100000;14/01/2026;REGISTRADO;VÍDEOMUSICAL;;ESTRANGEIRA CONSTITUINTE DE ESPAÇO QUALIFICADO;NÃO SERIADA;4,3;;2025;;HQ MUSIC MARKETING LTDA;35.787.544/0001-20
CYPRESS HILL: BLACK SUNDAY ROYAL ALBERT HALL;CYPRESS HILL: BLACK SUNDAY ROYAL ALBERT HALL;E2600253000000;30/07/2026;REGISTRADO;VÍDEOMUSICAL;;ESTRANGEIRA CONSTITUINTE DE ESPAÇO QUALIFICADO;NÃO SERIADA;89;;2024;;GLOBO COMUNICACAO E PARTICIPACOES S/A;27.865.757/0001-02
DAHOMEY;DAHOMEY;E2600182300000;02/06/2026;REGISTRADO;DOCUMENTÁRIO;;ESTRANGEIRA CONSTITUINTE DE ESPAÇO QUALIFICADO;NÃO SERIADA;68;;2024;;F. J. CINES LTDA;61.574.109/0001-27
DAMNED IF YOU DO, DAMNED IF YOU DON'T;QUERENDO OU NÃO;E2600258000000;05/08/2026;REGISTRADO;FICÇÃO;;ESTRANGEIRA CONSTITUINTE DE ESPAÇO QUALIFICADO;NÃO SERIADA;97;;2025;;TAG CULTURAL DISTRIBUIDORA DE FILMES LTDA;03.599.148/0001-82
DANILO & DAVI - EU NÃO SOU TERAPIA;DANILO & DAVI - EU NÃO SOU TERAPIA;E2600237200000;22/07/2026;REGISTRADO;VÍDEOMUSICAL;;ESTRANGEIRA CONSTITUINTE DE ESPAÇO QUALIFICADO;NÃO SERIADA;2,6;;2026;;GLOBO COMUNICACAO E PARTICIPACOES S/A;27.865.757/0001-02
DANILO & DAVI - NÃO MEXE NAS MINHAS GAVETAS;DANILO & DAVI - NÃO MEXE NAS MINHAS GAVETAS;E2600049500000;23/02/2026;REGISTRADO;VÍDEOMUSICAL;;ESTRANGEIRA CONSTITUINTE DE ESPAÇO QUALIFICADO;NÃO SERIADA;2,1;;2026;;GLOBO COMUNICACAO E PARTICIPACOES S/A;27.865.757/0001-02
DARK HORSE;;E2600261900000;07/08/2026;REGISTRADO;FICÇÃO;;ESTRANGEIRA CONSTITUINTE DE ESPAÇO QUALIFICADO;NÃO SERIADA;100;;2026;;CANNES PRODUÇÕES LTDA;72.672.017/0001-04
DAVE FEAT. TEMS - RAINDANCE;DAVE FEAT. TEMS - RAINDANCE;E2600200300000;22/06/2026;REGISTRADO;VÍDEOMUSICAL;;ESTRANGEIRA CONSTITUINTE DE ESPAÇO QUALIFICADO;NÃO SERIADA;3,7;;2026;;GLOBO COMUNICACAO E PARTICIPACOES S/A;27.865.757/0001-02
DAVI QUARESMA PART. GAAB - ACOSTUMOU ERRADO;DAVI QUARESMA PART. GAAB - ACOSTUMOU ERRADO;E2600116100000;16/04/2026;REGISTRADO;VÍDEOMUSICAL;;ESTRANGEIRA CONSTITUINTE DE ESPAÇO QUALIFICADO;NÃO SERIADA;2,7;;2026;;GLOBO COMUNICACAO E PARTICIPACOES S/A;27.865.757/0001-02
DAWN TO DUSK;;E2600196200000;18/06/2026;REGISTRADO;DOCUMENTÁRIO;;ESTRANGEIRA CONSTITUINTE DE ESPAÇO QUALIFICADO;SERIADA EM TEMPORADA ÚNICA;480;8;2020;2020;EMPRESA BRASIL DE COMUNICACAO S.A. - EBC;09.168.704/0001-42
DEAD MAN'S WIRE;REFÉM POR UM FIO;E2600207100000;25/06/2026;REGISTRADO;FICÇÃO;;ESTRANGEIRA CONSTITUINTE DE ESPAÇO QUALIFICADO;NÃO SERIADA;104;;2025;;DIAMOND FILMS DO BRASIL PRODUÇÃO E DISTRIBUIÇÃO AUDIOVISUAL LTDA.;17.095.184/0001-13
DEEP WATER;ÁGUAS MORTAIS;E2600141400000;30/04/2026;REGISTRADO;FICÇÃO;;ESTRANGEIRA CONSTITUINTE DE ESPAÇO QUALIFICADO;NÃO SERIADA;106,5;;2026;;DIAMOND FILMS DO BRASIL PRODUÇÃO E DISTRIBUIÇÃO AUDIOVISUAL LTDA.;17.095.184/0001-13
DENNIS E KEVIN O CHRIS - QUER BEIJAR;;E2600272400000;18/08/2026;REGISTRADO;VÍDEOMUSICAL;;ESTRANGEIRA CONSTITUINTE DE ESPAÇO QUALIFICADO;NÃO SERIADA;2,4;;2026;;GLOBO COMUNICACAO E PARTICIPACOES S/A;27.865.757/0001-02
DENNIS E KEVIN O CHRIS PART. BIANCA - SIGILINHO;;E2600272500000;18/08/2026;REGISTRADO;VÍDEOMUSICAL;;ESTRANGEIRA CONSTITUINTE DE ESPAÇO QUALIFICADO;NÃO SERIADA;2,5;;2026;;GLOBO COMUNICACAO E PARTICIPACOES S/A;27.865.757/0001-02
DENNIS E MC KEVIN O CHRIS PART. MC TUTO - PENTE E RALA;DENNIS E MC KEVIN O CHRIS PART. MC TUTO - PENTE E RALA;E2600239000000;23/07/2026;REGISTRADO;VÍDEOMUSICAL;;ESTRANGEIRA CONSTITUINTE DE ESPAÇO QUALIFICADO;NÃO SERIADA;2,3;;2026;;GLOBO COMUNICACAO E PARTICIPACOES S/A;27.865.757/0001-02
DENNIS PART. LÉO FOGUETE - MENINA;DENNIS PART. LÉO FOGUETE - MENINA;E2600053800000;24/02/2026;REGISTRADO;VÍDEOMUSICAL;;ESTRANGEIRA CONSTITUINTE DE ESPAÇO QUALIFICADO;NÃO SERIADA;2,6;;2026;;GLOBO COMUNICACAO E PARTICIPACOES S/A;27.865.757/0001-02
DENNIS, KEVIN O CHRIS E HENRY FREITAS - PILANTRA;DENNIS, KEVIN O CHRIS E HENRY FREITAS - PILANTRA;E2600201200000;22/06/2026;REGISTRADO;VÍDEOMUSICAL;;ESTRANGEIRA CONSTITUINTE DE ESPAÇO QUALIFICADO;NÃO SERIADA;1,8;;2026;;GLOBO COMUNICACAO E PARTICIPACOES S/A;27.865.757/0001-02
DENNIS, KEVIN O CHRIS E MC MENO K - ESSA NOVINHA;DENNIS, KEVIN O CHRIS E MC MENO K - ESSA NOVINHA;E2600119000000;17/04/2026;REGISTRADO;VÍDEOMUSICAL;;ESTRANGEIRA CONSTITUINTE DE ESPAÇO QUALIFICADO;NÃO SERIADA;2,8;;2026;;GLOBO COMUNICACAO E PARTICIPACOES S/A;27.865.757/0001-02
DENNIS, KEVIN O CHRIS E PUTERRIER - ATRÁS DA EQUIPE;DENNIS, KEVIN O CHRIS E PUTERRIER - ATRÁS DA EQUIPE;E2600201300000;22/06/2026;REGISTRADO;VÍDEOMUSICAL;;ESTRANGEIRA CONSTITUINTE DE ESPAÇO QUALIFICADO;NÃO SERIADA;1,9;;2026;;GLOBO COMUNICACAO E PARTICIPACOES S/A;27.865.757/0001-02
DENTRO, FORA DO BRASIL;DENTRO, FORA DO BRASIL;E2600131700000;27/04/2026;REGISTRADO;DOCUMENTÁRIO;;ESTRANGEIRA CONSTITUINTE DE ESPAÇO QUALIFICADO;NÃO SERIADA;12,0;;2024;;MARINA SCHNEIDER LTDA;61.214.576/0001-46
DER VERGESSENE SCHATZ;;E2600255200000;03/08/2026;REGISTRADO;DOCUMENTÁRIO;;ESTRANGEIRA CONSTITUINTE DE ESPAÇO QUALIFICADO;NÃO SERIADA;80;;2019;;GORE PRODUTORA CINEMATOGRAFICA LTDA;06.963.884/0001-66
DHAKA REJOICE;DHAKA REJOICE;E2600163000000;19/05/2026;REGISTRADO;DOCUMENTÁRIO;;ESTRANGEIRA CONSTITUINTE DE ESPAÇO QUALIFICADO;NÃO SERIADA;52;;2022;;GLOBO COMUNICACAO E PARTICIPACOES S/A;27.865.757/0001-02
DI PROPÓSITO - MESMO SE O MUNDO ACABAR;DI PROPÓSITO - MESMO SE O MUNDO ACABAR;E2600201400000;22/06/2026;REGISTRADO;VÍDEOMUSICAL;;ESTRANGEIRA CONSTITUINTE DE ESPAÇO QUALIFICADO;NÃO SERIADA;3,4;;2026;;GLOBO COMUNICACAO E PARTICIPACOES S/A;27.865.757/0001-02
DI PROPÓSITO - NOCAUTE;DI PROPÓSITO - NOCAUTE;E2600119100000;17/04/2026;REGISTRADO;VÍDEOMUSICAL;;ESTRANGEIRA CONSTITUINTE DE ESPAÇO QUALIFICADO;NÃO SERIADA;2,7;;2026;;GLOBO COMUNICACAO E PARTICIPACOES S/A;27.865.757/0001-02
DI PROPÓSITO - SEM A ROUPA DE IR;DI PROPÓSITO - SEM A ROUPA DE IR;E2600053900000;24/02/2026;REGISTRADO;VÍDEOMUSICAL;;ESTRANGEIRA CONSTITUINTE DE ESPAÇO QUALIFICADO;NÃO SERIADA;2,3;;2026;;GLOBO COMUNICACAO E PARTICIPACOES S/A;27.865.757/0001-02
DI PROPÓSITO PART. GRUPO BENZADEUS - JOGADORA CARA;DI PROPÓSITO PART. GRUPO BENZADEUS - JOGADORA CARA;E2600201500000;22/06/2026;REGISTRADO;VÍDEOMUSICAL;;ESTRANGEIRA CONSTITUINTE DE ESPAÇO QUALIFICADO;NÃO SERIADA;2,5;;2026;;GLOBO COMUNICACAO E PARTICIPACOES S/A;27.865.757/0001-02
DIAMANTI;DIAMANTES;E2600105000000;07/04/2026;REGISTRADO;FICÇÃO;;ESTRANGEIRA CONSTITUINTE DE ESPAÇO QUALIFICADO;NÃO SERIADA;135;;2024;;PROVIDENCE DISTRIBUIDORA DE FILMES LTDA;08.656.129/0001-64
DIEGO & VICTOR HUGO - BEIJEI A CURA;DIEGO & VICTOR HUGO - BEIJEI A CURA;E2600166600000;22/05/2026;REGISTRADO;VÍDEOMUSICAL;;ESTRANGEIRA CONSTITUINTE DE ESPAÇO QUALIFICADO;NÃO SERIADA;3,1;;2026;;GLOBO COMUNICACAO E PARTICIPACOES S/A;27.865.757/0001-02
DIEGO & VICTOR HUGO - ERRADO O TRIPLO (ÔH PERIGO);DIEGO & VICTOR HUGO - ERRADO O TRIPLO (ÔH PERIGO);E2600054000000;24/02/2026;REGISTRADO;VÍDEOMUSICAL;;ESTRANGEIRA CONSTITUINTE DE ESPAÇO QUALIFICADO;NÃO SERIADA;2,5;;2026;;GLOBO COMUNICACAO E PARTICIPACOES S/A;27.865.757/0001-02
DIEGO & VICTOR HUGO - MOÇA PRA CASAR;DIEGO & VICTOR HUGO - MOÇA PRA CASAR;E2600201600000;22/06/2026;REGISTRADO;VÍDEOMUSICAL;;ESTRANGEIRA CONSTITUINTE DE ESPAÇO QUALIFICADO;NÃO SERIADA;2,7;;2026;;GLOBO COMUNICACAO E PARTICIPACOES S/A;27.865.757/0001-02
DIEGO & VICTOR HUGO - SECO;DIEGO & VICTOR HUGO - SECO;E2600054100000;24/02/2026;REGISTRADO;VÍDEOMUSICAL;;ESTRANGEIRA CONSTITUINTE DE ESPAÇO QUALIFICADO;NÃO SERIADA;2,9;;2026;;GLOBO COMUNICACAO E PARTICIPACOES S/A;27.865.757/0001-02
DIEGO MARTINS - YOU AND I;DIEGO MARTINS - YOU AND I;E2600200400000;22/06/2026;REGISTRADO;VÍDEOMUSICAL;;ESTRANGEIRA CONSTITUINTE DE ESPAÇO QUALIFICADO;NÃO SERIADA;3,7;;2026;;GLOBO COMUNICACAO E PARTICIPACOES S/A;27.865.757/0001-02
DIEGO MARTINS PART. POCAH E MC GW - TATUAGEM (TOMA LAPADA);DIEGO MARTINS PART. POCAH E MC GW - TATUAGEM (TOMA LAPADA);E2600239300000;23/07/2026;REGISTRADO;VÍDEOMUSICAL;;ESTRANGEIRA CONSTITUINTE DE ESPAÇO QUALIFICADO;NÃO SERIADA;2,1;;2026;;GLOBO COMUNICACAO E PARTICIPACOES S/A;27.865.757/0001-02
DIGGER;DIGGER;E2600226000000;14/07/2026;REGISTRADO;FICÇÃO;;ESTRANGEIRA CONSTITUINTE DE ESPAÇO QUALIFICADO;NÃO SERIADA;127;;2026;;WARNER BROS. (SOUTH) INC.;33.015.827/0001-28
DILSINHO PART. LAUANA PRADO - PAPO TORTO;DILSINHO PART. LAUANA PRADO - PAPO TORTO;E2600054200000;24/02/2026;REGISTRADO;VÍDEOMUSICAL;;ESTRANGEIRA CONSTITUINTE DE ESPAÇO QUALIFICADO;NÃO SERIADA;2,5;;2026;;GLOBO COMUNICACAO E PARTICIPACOES S/A;27.865.757/0001-02
DILSINHO PART. LÉO FOGUETE - MINHA GATA;DILSINHO PART. LÉO FOGUETE - MINHA GATA;E2600054300000;24/02/2026;REGISTRADO;VÍDEOMUSICAL;;ESTRANGEIRA CONSTITUINTE DE ESPAÇO QUALIFICADO;NÃO SERIADA;2,5;;2026;;GLOBO COMUNICACAO E PARTICIPACOES S/A;27.865.757/0001-02
DISCLOSURE DAY;DIA D;E2600150400000;07/05/2026;REGISTRADO;FICÇÃO;;ESTRANGEIRA CONSTITUINTE DE ESPAÇO QUALIFICADO;NÃO SERIADA;146;;2026;;WARNER BROS. (SOUTH) INC.;33.015.827/0001-28
DISCONNECTED;DISCONNECTED;E2600171300000;25/05/2026;REGISTRADO;DOCUMENTÁRIO;;ESTRANGEIRA CONSTITUINTE DE ESPAÇO QUALIFICADO;NÃO SERIADA;9;;2026;;GLOBO COMUNICACAO E PARTICIPACOES S/A;27.865.757/0001-02
DJ TOPO E MC LIVINHO - POR AÍ;DJ TOPO E MC LIVINHO - POR AÍ;E2600201700000;22/06/2026;REGISTRADO;VÍDEOMUSICAL;;ESTRANGEIRA CONSTITUINTE DE ESPAÇO QUALIFICADO;NÃO SERIADA;3,3;;2026;;GLOBO COMUNICACAO E PARTICIPACOES S/A;27.865.757/0001-02
DOLLY;DOLLY - A BONECA MALDITA;E2600061200000;26/02/2026;REGISTRADO;FICÇÃO;;ESTRANGEIRA CONSTITUINTE DE ESPAÇO QUALIFICADO;NÃO SERIADA;82;;2025;;SM DISTRIBUIDORA DE FILMES LTDA;08.257.054/0001-49
DOMENICA MONTERO;DOMENICA MONTERO;E2600109500000;10/04/2026;REGISTRADO;FICÇÃO;;ESTRANGEIRA CONSTITUINTE DE ESPAÇO QUALIFICADO;SERIADA EM TEMPORADA ÚNICA;3000;50;2025;2025;TVSBT CANAL 4 DE SAO PAULO S/A;45.039.237/0001-14
DON'T TELL MOM THE BABYSITTER'S DEAD;VIVA! A BABÁ MORREU;E2600083000000;18/03/2026;REGISTRADO;FICÇÃO;;ESTRANGEIRA CONSTITUINTE DE ESPAÇO QUALIFICADO;NÃO SERIADA;99;;2024;;GLOBO COMUNICACAO E PARTICIPACOES S/A;27.865.757/0001-02
DONA BEJA;DONA BEJA;E2600054700000;24/02/2026;REGISTRADO;FICÇÃO;;ESTRANGEIRA CONSTITUINTE DE ESPAÇO QUALIFICADO;SERIADA EM MÚLTIPLAS TEMPORADAS;1600;40;2025;2025;RADIO E TELEVISAO BANDEIRANTES S.A.;60.509.239/0001-13
DOSSIER 137;CASO 137;E2600070400000;06/03/2026;REGISTRADO;FICÇÃO;;ESTRANGEIRA CONSTITUINTE DE ESPAÇO QUALIFICADO;NÃO SERIADA;108,2;;2025;;AUTORAL DISTRIBUIDORA DE FILMES LTDA;60.120.519/0001-35
EASY STREET;RUA DA PAZ;E2600083100000;18/03/2026;REGISTRADO;FICÇÃO;;ESTRANGEIRA CONSTITUINTE DE ESPAÇO QUALIFICADO;NÃO SERIADA;30;;1917;;GLOBO COMUNICACAO E PARTICIPACOES S/A;27.865.757/0001-02
EIN MÄDCHEN NAMENS WILLOW;WILLOW E A FLORESTA ENCANTADA;E2600201900000;23/06/2026;REGISTRADO;FICÇÃO;;ESTRANGEIRA CONSTITUINTE DE ESPAÇO QUALIFICADO;NÃO SERIADA;100;;2025;;CLUBE FILMES LTDA;46.401.439/0001-27
EL MENSAJE;A MENSAGEIRA;E2600041200000;11/02/2026;REGISTRADO;FICÇÃO;;ESTRANGEIRA CONSTITUINTE DE ESPAÇO QUALIFICADO;NÃO SERIADA;91;;2025;;ESTAÇÃO CINEMA E CULTURA LTDA;02.745.624/0001-63
ELTON JOHN MILLION DOLLAR PIANO;;E2600220400000;09/07/2026;REGISTRADO;VÍDEOMUSICAL;Registro de Eventos;ESTRANGEIRA CONSTITUINTE DE ESPAÇO QUALIFICADO;NÃO SERIADA;110;;2013;;GLOBO COMUNICACAO E PARTICIPACOES S/A;27.865.757/0001-02
END WE START FROM, THE;THE END WE START FROM;E2600195100000;17/06/2026;REGISTRADO;FICÇÃO;;ESTRANGEIRA CONSTITUINTE DE ESPAÇO QUALIFICADO;NÃO SERIADA;102;;2023;;GLOBO COMUNICACAO E PARTICIPACOES S/A;27.865.757/0001-02
ENHYPEN [WALK THE LINE SUMMER EDITION] IN CINEMAS;ENHYPEN [WALK THE LINE SUMMER EDITION] IN CINEMAS;E2600031600000;03/02/2026;REGISTRADO;VÍDEOMUSICAL;;ESTRANGEIRA CONSTITUINTE DE ESPAÇO QUALIFICADO;NÃO SERIADA;123;;2025;;UNITED CINEMAS INTERNATIONAL BRASIL LTDA.;01.289.530/0001-64
ERUPCJA;ERUPCJA;E2600124100000;22/04/2026;REGISTRADO;FICÇÃO;;ESTRANGEIRA CONSTITUINTE DE ESPAÇO QUALIFICADO;NÃO SERIADA;71;;2025;;TAG CULTURAL DISTRIBUIDORA DE FILMES LTDA;03.599.148/0001-82
ESCRAVOS DA FÉ – OS ARAUTOS DO EVANGELHO;;E2600017200000;20/01/2026;REGISTRADO;DOCUMENTÁRIO;;ESTRANGEIRA CONSTITUINTE DE ESPAÇO QUALIFICADO;SERIADA EM TEMPORADA ÚNICA;139;3;2025;2025;ENDEMOL SHINE BRASIL PRODUÇÕES LTDA.;08.761.189/0001-47
ETERNAL DAUGHTER, THE;A FILHA ETERNA;E2600277000000;20/08/2026;REGISTRADO;FICÇÃO;;ESTRANGEIRA CONSTITUINTE DE ESPAÇO QUALIFICADO;NÃO SERIADA;96;;2022;;NBCUNIVERSAL NETWORKS INTERNATIONAL BRASIL PROGRAMADORA S/A;01.253.766/0001-40
ETERNAL RETURN;;E2600114100000;15/04/2026;REGISTRADO;FICÇÃO;;ESTRANGEIRA CONSTITUINTE DE ESPAÇO QUALIFICADO;NÃO SERIADA;115;;2025;;WMIX DISTRIBUIDORA LTDA.;03.918.609/0001-32
EVANESCENCE - WHO WILL YOU FOLLOW;;E2600273200000;19/08/2026;REGISTRADO;VÍDEOMUSICAL;;ESTRANGEIRA CONSTITUINTE DE ESPAÇO QUALIFICADO;NÃO SERIADA;4,0;;2026;;GLOBO COMUNICACAO E PARTICIPACOES S/A;27.865.757/0001-02
EVIL DEAD BURN;A MORTE DO DEMÔNIO: EM CHAMAS;E2600120300000;17/04/2026;REGISTRADO;FICÇÃO;;ESTRANGEIRA CONSTITUINTE DE ESPAÇO QUALIFICADO;NÃO SERIADA;110,4;;2026;;COLUMBIA TRISTAR FILMES DO BRASIL LTDA;00.979.601/0001-98
FALL 2;A QUEDA 2 – NO LIMITE;E2600194400000;17/06/2026;REGISTRADO;FICÇÃO;;ESTRANGEIRA CONSTITUINTE DE ESPAÇO QUALIFICADO;NÃO SERIADA;100;;2026;;SM DISTRIBUIDORA DE FILMES LTDA;08.257.054/0001-49
FALSE POSITIVE;FALSO POSITIVO;E2600277100000;20/08/2026;REGISTRADO;FICÇÃO;;ESTRANGEIRA CONSTITUINTE DE ESPAÇO QUALIFICADO;NÃO SERIADA;92;;2021;;NBCUNIVERSAL NETWORKS INTERNATIONAL BRASIL PROGRAMADORA S/A;01.253.766/0001-40
FAMOUS;FAMOUS;E2600162600000;19/05/2026;REGISTRADO;FICÇÃO;;ESTRANGEIRA CONSTITUINTE DE ESPAÇO QUALIFICADO;NÃO SERIADA;120;;2025;;GLOBO COMUNICACAO E PARTICIPACOES S/A;27.865.757/0001-02
FANON;FANON;E2600101500000;01/04/2026;REGISTRADO;FICÇÃO;;ESTRANGEIRA CONSTITUINTE DE ESPAÇO QUALIFICADO;NÃO SERIADA;132;;2024;;P & M DISTRIBUIDORA DE FILMES LTDA;22.910.081/0001-08
FATHER MOTHER SISTER BROTHER;PAI MÃE IRMÃ IRMÃO;E2600070300000;06/03/2026;REGISTRADO;FICÇÃO;;ESTRANGEIRA CONSTITUINTE DE ESPAÇO QUALIFICADO;NÃO SERIADA;111;;2025;;TAG CULTURAL DISTRIBUIDORA DE FILMES LTDA;03.599.148/0001-82
FERGIE FEAT. WILL.I.AM - FERGALICIOUS;;E2600278800000;21/08/2026;REGISTRADO;VÍDEOMUSICAL;;ESTRANGEIRA CONSTITUINTE DE ESPAÇO QUALIFICADO;NÃO SERIADA;3,7;;2006;;GLOBO COMUNICACAO E PARTICIPACOES S/A;27.865.757/0001-02
FERRANTE FEVER;A FEBRE ELENA FERRANTE;E2600054600000;24/02/2026;REGISTRADO;DOCUMENTÁRIO;;ESTRANGEIRA CONSTITUINTE DE ESPAÇO QUALIFICADO;NÃO SERIADA;74;;2017;;CURTA! PROGRAMADORA DE CANAIS DE TV LTDA;17.164.803/0001-84
FERRUGEM - ARREPENDIDAÇO;FERRUGEM - ARREPENDIDAÇO;E2600054400000;24/02/2026;REGISTRADO;VÍDEOMUSICAL;;ESTRANGEIRA CONSTITUINTE DE ESPAÇO QUALIFICADO;NÃO SERIADA;3,0;;2026;;GLOBO COMUNICACAO E PARTICIPACOES S/A;27.865.757/0001-02
FERRUGEM - CASAL DO MAL;FERRUGEM - CASAL DO MAL;E2600090900000;25/03/2026;REGISTRADO;VÍDEOMUSICAL;;ESTRANGEIRA CONSTITUINTE DE ESPAÇO QUALIFICADO;NÃO SERIADA;3,0;;2026;;GLOBO COMUNICACAO E PARTICIPACOES S/A;27.865.757/0001-02
FERRUGEM E PÉRICLES - FOGUETE;;E2600273300000;19/08/2026;REGISTRADO;VÍDEOMUSICAL;;ESTRANGEIRA CONSTITUINTE DE ESPAÇO QUALIFICADO;NÃO SERIADA;2,4;;2025;;GLOBO COMUNICACAO E PARTICIPACOES S/A;27.865.757/0001-02
FILIPE RET - RAP DA LEALDADE;FILIPE RET - RAP DA LEALDADE;E2600050100000;23/02/2026;REGISTRADO;VÍDEOMUSICAL;;ESTRANGEIRA CONSTITUINTE DE ESPAÇO QUALIFICADO;NÃO SERIADA;3,7;;2026;;GLOBO COMUNICACAO E PARTICIPACOES S/A;27.865.757/0001-02
FINDING EMILY;PROCURANDO EMILY;E2600150800000;07/05/2026;REGISTRADO;FICÇÃO;;ESTRANGEIRA CONSTITUINTE DE ESPAÇO QUALIFICADO;NÃO SERIADA;111;;2026;;WARNER BROS. (SOUTH) INC.;33.015.827/0001-28
FINNICK 2;OS PELUDOS 2;E2600137900000;28/04/2026;REGISTRADO;ANIMAÇÃO;;ESTRANGEIRA CONSTITUINTE DE ESPAÇO QUALIFICADO;NÃO SERIADA;88;;2025;;PLAYARTE PICTURES ENTRETENIMENTOS LTDA.;00.943.231/0001-39
FIREFIGHTERS;OS BOMBEIROS;E2600233000000;20/07/2026;REGISTRADO;FICÇÃO;;ESTRANGEIRA CONSTITUINTE DE ESPAÇO QUALIFICADO;NÃO SERIADA;106;;2024;;GLOBO COMUNICACAO E PARTICIPACOES S/A;27.865.757/0001-02
FLAMIN' HOT;FLAMIN' HOT: O SABOR QUE MUDOU A HISTÓRIA;E2600087400000;23/03/2026;REGISTRADO;FICÇÃO;;ESTRANGEIRA CONSTITUINTE DE ESPAÇO QUALIFICADO;NÃO SERIADA;99;;2023;;GLOBO COMUNICACAO E PARTICIPACOES S/A;27.865.757/0001-02
FLOYYMENOR, GABITO BALLESTEROS - PLO PLO;FLOYYMENOR, GABITO BALLESTEROS - PLO PLO;E2600221600000;10/07/2026;REGISTRADO;VÍDEOMUSICAL;;ESTRANGEIRA CONSTITUINTE DE ESPAÇO QUALIFICADO;NÃO SERIADA;3,4;;2026;;HQ MUSIC MARKETING LTDA;35.787.544/0001-20
FLYING HANDS;FLYING HANDS;E2600205900000;24/06/2026;REGISTRADO;DOCUMENTÁRIO;;ESTRANGEIRA CONSTITUINTE DE ESPAÇO QUALIFICADO;NÃO SERIADA;78;;2024;;SERVICO SOCIAL DO COMERCIO - SESC - ADMINISTRACAO REGIONAL NO ESTADO DE SAO PAULO;03.667.884/0001-20
FLYWHEEL: IGNITION OF THE SOUL;A VIRADA - IGNIÇÃO DA ALMA;E2600206800000;25/06/2026;REGISTRADO;FICÇÃO;;ESTRANGEIRA CONSTITUINTE DE ESPAÇO QUALIFICADO;NÃO SERIADA;123;;2026;;HEAVEN CONTENT LTDA;60.240.539/0001-40
FOO FIGHTERS - WINDOW;FOO FIGHTERS - WINDOW;E2600202000000;23/06/2026;REGISTRADO;VÍDEOMUSICAL;;ESTRANGEIRA CONSTITUINTE DE ESPAÇO QUALIFICADO;NÃO SERIADA;3,7;;2026;;GLOBO COMUNICACAO E PARTICIPACOES S/A;27.865.757/0001-02
FORGOTTEN ISLAND;A ILHA ESQUECIDA;E2600151000000;07/05/2026;REGISTRADO;ANIMAÇÃO;;ESTRANGEIRA CONSTITUINTE DE ESPAÇO QUALIFICADO;NÃO SERIADA;103;;2026;;WARNER BROS. (SOUTH) INC.;33.015.827/0001-28
FRANZ;FRANZ;E2600141500000;30/04/2026;REGISTRADO;FICÇÃO;;ESTRANGEIRA CONSTITUINTE DE ESPAÇO QUALIFICADO;NÃO SERIADA;127;;2025;;A2 DISTRIBUIDORA DE FILMES LTDA EPP;18.338.912/0001-33
FRED & FABRÍCIO - TE AMAR É MEU TALENTO;FRED & FABRÍCIO - TE AMAR É MEU TALENTO;E2600202100000;23/06/2026;REGISTRADO;VÍDEOMUSICAL;;ESTRANGEIRA CONSTITUINTE DE ESPAÇO QUALIFICADO;NÃO SERIADA;2,7;;2026;;GLOBO COMUNICACAO E PARTICIPACOES S/A;27.865.757/0001-02
FRIDA KAHLO;FRIDA KAHLO;E2600080300000;17/03/2026;REGISTRADO;DOCUMENTÁRIO;;ESTRANGEIRA CONSTITUINTE DE ESPAÇO QUALIFICADO;NÃO SERIADA;90;;2020;;CURTA! PROGRAMADORA DE CANAIS DE TV LTDA;17.164.803/0001-84
FUZE;GOLPE EXPLOSIVO;E2600068400000;05/03/2026;REGISTRADO;FICÇÃO;;ESTRANGEIRA CONSTITUINTE DE ESPAÇO QUALIFICADO;NÃO SERIADA;96,2;;2026;;DIAMOND FILMS DO BRASIL PRODUÇÃO E DISTRIBUIÇÃO AUDIOVISUAL LTDA.;17.095.184/0001-13
GABI MELIM PART. MESTRINHO - MEXE COM MEU JUÍZO;GABI MELIM PART. MESTRINHO - MEXE COM MEU JUÍZO;E2600239400000;23/07/2026;REGISTRADO;VÍDEOMUSICAL;;ESTRANGEIRA CONSTITUINTE DE ESPAÇO QUALIFICADO;NÃO SERIADA;2,9;;2026;;GLOBO COMUNICACAO E PARTICIPACOES S/A;27.865.757/0001-02
GABRIELZINHO - DUBAI;GABRIELZINHO - DUBAI;E2600239500000;23/07/2026;REGISTRADO;VÍDEOMUSICAL;;ESTRANGEIRA CONSTITUINTE DE ESPAÇO QUALIFICADO;NÃO SERIADA;2,5;;2026;;GLOBO COMUNICACAO E PARTICIPACOES S/A;27.865.757/0001-02
GABRIELZINHO - NÃO SERIA JUSTO / ALÔ SOU EU / EU PAREI COM ISSO;GABRIELZINHO - NÃO SERIA JUSTO / ALÔ SOU EU / EU PAREI COM ISSO;E2600055100000;24/02/2026;REGISTRADO;VÍDEOMUSICAL;;ESTRANGEIRA CONSTITUINTE DE ESPAÇO QUALIFICADO;NÃO SERIADA;4,8;;2026;;GLOBO COMUNICACAO E PARTICIPACOES S/A;27.865.757/0001-02
GABRIELZINHO PART. YAN - ESSA PESSOA;GABRIELZINHO PART. YAN - ESSA PESSOA;E2600055200000;24/02/2026;REGISTRADO;VÍDEOMUSICAL;;ESTRANGEIRA CONSTITUINTE DE ESPAÇO QUALIFICADO;NÃO SERIADA;3,1;;2026;;GLOBO COMUNICACAO E PARTICIPACOES S/A;27.865.757/0001-02
GEMMA GALGANI;GEMMA GALGANI;E2600085900000;20/03/2026;REGISTRADO;FICÇÃO;;ESTRANGEIRA CONSTITUINTE DE ESPAÇO QUALIFICADO;NÃO SERIADA;93,8;;2026;;KOLBE FILMES LTDA;60.922.058/0001-14
GHOST: 2 BIG TO RIG;GHOST: 2 BIG TO RIG;E2600231100000;17/07/2026;REGISTRADO;VÍDEOMUSICAL;Registro de Eventos;ESTRANGEIRA CONSTITUINTE DE ESPAÇO QUALIFICADO;NÃO SERIADA;105;;2025;;UNITED CINEMAS INTERNATIONAL BRASIL LTDA.;01.289.530/0001-64
GIOIA MIA;;E2600265200000;11/08/2026;REGISTRADO;FICÇÃO;;ESTRANGEIRA CONSTITUINTE DE ESPAÇO QUALIFICADO;NÃO SERIADA;92;;2025;;PROVIDENCE DISTRIBUIDORA DE FILMES LTDA;08.656.129/0001-64
GIULIA BE - ANTES QUE VOCÊ VÁ;GIULIA BE - ANTES QUE VOCÊ VÁ;E2600054800000;24/02/2026;REGISTRADO;VÍDEOMUSICAL;;ESTRANGEIRA CONSTITUINTE DE ESPAÇO QUALIFICADO;NÃO SERIADA;2,7;;2026;;GLOBO COMUNICACAO E PARTICIPACOES S/A;27.865.757/0001-02
GIULIA BE - GIRLS JUST WANNA;GIULIA BE - GIRLS JUST WANNA;E2600091000000;25/03/2026;REGISTRADO;VÍDEOMUSICAL;;ESTRANGEIRA CONSTITUINTE DE ESPAÇO QUALIFICADO;NÃO SERIADA;2,3;;2026;;GLOBO COMUNICACAO E PARTICIPACOES S/A;27.865.757/0001-02
GIULIA BE - GRILLOS;GIULIA BE - GRILLOS;E2600119200000;17/04/2026;REGISTRADO;VÍDEOMUSICAL;;ESTRANGEIRA CONSTITUINTE DE ESPAÇO QUALIFICADO;NÃO SERIADA;3,3;;2026;;GLOBO COMUNICACAO E PARTICIPACOES S/A;27.865.757/0001-02
GODARD CINEMA;O CINEMA DE GODARD;E2600137200000;28/04/2026;REGISTRADO;DOCUMENTÁRIO;;ESTRANGEIRA CONSTITUINTE DE ESPAÇO QUALIFICADO;NÃO SERIADA;90;;2022;;CURTA! PROGRAMADORA DE CANAIS DE TV LTDA;17.164.803/0001-84
GODZILLA MINUS ZERO;GODZILLA MINUS ZERO;E2600259600000;06/08/2026;REGISTRADO;FICÇÃO;;ESTRANGEIRA CONSTITUINTE DE ESPAÇO QUALIFICADO;NÃO SERIADA;135;;2026;;SA DISTRIBUIDORA DE CONTEÚDO AUDIOVISUAL LTDA;33.356.343/0001-42
GOOD LUCK, HAVE FUN, DON'T DIE;BOA SORTE, DIVIRTA-SE, NÃO MORRA;E2600007600000;09/01/2026;REGISTRADO;FICÇÃO;;ESTRANGEIRA CONSTITUINTE DE ESPAÇO QUALIFICADO;NÃO SERIADA;134;;2025;;SM DISTRIBUIDORA DE FILMES LTDA;08.257.054/0001-49
GORILLAZ FEAT. TRUENO & PROOF - THE MANIFESTO;GORILLAZ FEAT. TRUENO & PROOF - THE MANIFESTO;E2600055300000;24/02/2026;REGISTRADO;VÍDEOMUSICAL;;ESTRANGEIRA CONSTITUINTE DE ESPAÇO QUALIFICADO;NÃO SERIADA;7,2;;2026;;GLOBO COMUNICACAO E PARTICIPACOES S/A;27.865.757/0001-02
GRACIE ABRAMS - HIT THE WALL;GRACIE ABRAMS - HIT THE WALL;E2600200500000;22/06/2026;REGISTRADO;VÍDEOMUSICAL;;ESTRANGEIRA CONSTITUINTE DE ESPAÇO QUALIFICADO;NÃO SERIADA;3,2;;2026;;GLOBO COMUNICACAO E PARTICIPACOES S/A;27.865.757/0001-02
GREENLAND: THE ICY ELDORADO;GROELÂNDIA: O ELDORADO DO GELO;E2600019900000;22/01/2026;REGISTRADO;DOCUMENTÁRIO;;ESTRANGEIRA CONSTITUINTE DE ESPAÇO QUALIFICADO;NÃO SERIADA;56;;2025;;CURTA! PROGRAMADORA DE CANAIS DE TV LTDA;17.164.803/0001-84
GRETCHEN - FREAK LE BOOM;GRETCHEN - FREAK LE BOOM;E2600091100000;25/03/2026;REGISTRADO;VÍDEOMUSICAL;;ESTRANGEIRA CONSTITUINTE DE ESPAÇO QUALIFICADO;NÃO SERIADA;3,6;;2026;;GLOBO COMUNICACAO E PARTICIPACOES S/A;27.865.757/0001-02
GRUPO BENZADEUS PART. J. ESKINE - ENGAJAMENTO;GRUPO BENZADEUS PART. J. ESKINE - ENGAJAMENTO;E2600050200000;23/02/2026;REGISTRADO;VÍDEOMUSICAL;;ESTRANGEIRA CONSTITUINTE DE ESPAÇO QUALIFICADO;NÃO SERIADA;2,6;;2026;;GLOBO COMUNICACAO E PARTICIPACOES S/A;27.865.757/0001-02
GUILHERME & BENUTO - ESCONDE ESCONDE;GUILHERME & BENUTO - ESCONDE ESCONDE;E2600239600000;23/07/2026;REGISTRADO;VÍDEOMUSICAL;;ESTRANGEIRA CONSTITUINTE DE ESPAÇO QUALIFICADO;NÃO SERIADA;2,7;;2026;;GLOBO COMUNICACAO E PARTICIPACOES S/A;27.865.757/0001-02
GUILHERME & BENUTO - PURA OUSADIA;;E2600273400000;19/08/2026;REGISTRADO;VÍDEOMUSICAL;;ESTRANGEIRA CONSTITUINTE DE ESPAÇO QUALIFICADO;NÃO SERIADA;2,6;;2026;;GLOBO COMUNICACAO E PARTICIPACOES S/A;27.865.757/0001-02
GUILHERME & BENUTO PART. JIRAYAUAI - SKIN DE BALADEIRA;GUILHERME & BENUTO PART. JIRAYAUAI - SKIN DE BALADEIRA;E2600091200000;25/03/2026;REGISTRADO;VÍDEOMUSICAL;;ESTRANGEIRA CONSTITUINTE DE ESPAÇO QUALIFICADO;NÃO SERIADA;2,4;;2026;;GLOBO COMUNICACAO E PARTICIPACOES S/A;27.865.757/0001-02
GUILHERME & BENUTO PART. XAND AVIÃO - MUDAR PRA LUA;GUILHERME & BENUTO PART. XAND AVIÃO - MUDAR PRA LUA;E2600055400000;24/02/2026;REGISTRADO;VÍDEOMUSICAL;;ESTRANGEIRA CONSTITUINTE DE ESPAÇO QUALIFICADO;NÃO SERIADA;2,7;;2026;;GLOBO COMUNICACAO E PARTICIPACOES S/A;27.865.757/0001-02
GUSTAVO MIOTO - DNA;GUSTAVO MIOTO - DNA;E2600054500000;24/02/2026;REGISTRADO;VÍDEOMUSICAL;;ESTRANGEIRA CONSTITUINTE DE ESPAÇO QUALIFICADO;NÃO SERIADA;3,9;;2026;;GLOBO COMUNICACAO E PARTICIPACOES S/A;27.865.757/0001-02
GUSTAVO MIOTO - DRUNK SIDE;GUSTAVO MIOTO - DRUNK SIDE;E2600239900000;23/07/2026;REGISTRADO;VÍDEOMUSICAL;;ESTRANGEIRA CONSTITUINTE DE ESPAÇO QUALIFICADO;NÃO SERIADA;3,2;;2026;;GLOBO COMUNICACAO E PARTICIPACOES S/A;27.865.757/0001-02
GUSTAVO MIOTO - LAST GOODBYE;GUSTAVO MIOTO - LAST GOODBYE;E2600167900000;22/05/2026;REGISTRADO;VÍDEOMUSICAL;;ESTRANGEIRA CONSTITUINTE DE ESPAÇO QUALIFICADO;NÃO SERIADA;3,6;;2026;;GLOBO COMUNICACAO E PARTICIPACOES S/A;27.865.757/0001-02
GUSTTAVO LIMA - ASSUNTO QUE DÓI;GUSTTAVO LIMA - ASSUNTO QUE DÓI;E2600090000000;25/03/2026;REGISTRADO;VÍDEOMUSICAL;;ESTRANGEIRA CONSTITUINTE DE ESPAÇO QUALIFICADO;NÃO SERIADA;2,8;;2026;;GLOBO COMUNICACAO E PARTICIPACOES S/A;27.865.757/0001-02
GUSTTAVO LIMA - BALA ALOJADA;GUSTTAVO LIMA - BALA ALOJADA;E2600240000000;23/07/2026;REGISTRADO;VÍDEOMUSICAL;;ESTRANGEIRA CONSTITUINTE DE ESPAÇO QUALIFICADO;NÃO SERIADA;3,6;;2026;;GLOBO COMUNICACAO E PARTICIPACOES S/A;27.865.757/0001-02
GÜLLERIN SAVASI;GUERRA DAS ROSAS;E2600060200000;25/02/2026;REGISTRADO;FICÇÃO;;ESTRANGEIRA CONSTITUINTE DE ESPAÇO QUALIFICADO;SERIADA EM MÚLTIPLAS TEMPORADAS;7560;168;2014;2014;RADIO E TELEVISAO BANDEIRANTES S.A.;60.509.239/0001-13
HANAMI;HANAMI;E2600017800000;21/01/2026;REGISTRADO;FICÇÃO;;ESTRANGEIRA CONSTITUINTE DE ESPAÇO QUALIFICADO;NÃO SERIADA;96;;2024;;TAG CULTURAL DISTRIBUIDORA DE FILMES LTDA;03.599.148/0001-82
HANNAH ARENDT: FACING TYRANNY;A FILOSOFIA DE HANNAH ARENDT;E2600055500000;24/02/2026;REGISTRADO;DOCUMENTÁRIO;;ESTRANGEIRA CONSTITUINTE DE ESPAÇO QUALIFICADO;NÃO SERIADA;84;;2025;;CURTA! PROGRAMADORA DE CANAIS DE TV LTDA;17.164.803/0001-84
HANNIBAL S1;HANNIBAL S1;E2600228700000;15/07/2026;REGISTRADO;FICÇÃO;;ESTRANGEIRA CONSTITUINTE DE ESPAÇO QUALIFICADO;SERIADA EM MÚLTIPLAS TEMPORADAS;780;13;2013;2013;NBCUNIVERSAL NETWORKS INTERNATIONAL BRASIL PROGRAMADORA S/A;01.253.766/0001-40
HANNIBAL S2;HANNIBAL S2;E2600228800000;15/07/2026;REGISTRADO;FICÇÃO;;ESTRANGEIRA CONSTITUINTE DE ESPAÇO QUALIFICADO;SERIADA EM MÚLTIPLAS TEMPORADAS;780;13;2014;2014;NBCUNIVERSAL NETWORKS INTERNATIONAL BRASIL PROGRAMADORA S/A;01.253.766/0001-40
HANNIBAL S3;HANNIBAL S3;E2600228900000;15/07/2026;REGISTRADO;FICÇÃO;;ESTRANGEIRA CONSTITUINTE DE ESPAÇO QUALIFICADO;SERIADA EM MÚLTIPLAS TEMPORADAS;780;13;2015;2015;NBCUNIVERSAL NETWORKS INTERNATIONAL BRASIL PROGRAMADORA S/A;01.253.766/0001-40
HARRY STYLES - AMERICAN GIRLS;HARRY STYLES - AMERICAN GIRLS;E2600091300000;25/03/2026;REGISTRADO;VÍDEOMUSICAL;;ESTRANGEIRA CONSTITUINTE DE ESPAÇO QUALIFICADO;NÃO SERIADA;3,8;;2026;;GLOBO COMUNICACAO E PARTICIPACOES S/A;27.865.757/0001-02
HARRY STYLES - APERTURE;HARRY STYLES - APERTURE;E2600055600000;24/02/2026;REGISTRADO;VÍDEOMUSICAL;;ESTRANGEIRA CONSTITUINTE DE ESPAÇO QUALIFICADO;NÃO SERIADA;5,8;;2026;;GLOBO COMUNICACAO E PARTICIPACOES S/A;27.865.757/0001-02
HARRY STYLES - DANCE NO MORE;HARRY STYLES - DANCE NO MORE;E2600168300000;22/05/2026;REGISTRADO;VÍDEOMUSICAL;;ESTRANGEIRA CONSTITUINTE DE ESPAÇO QUALIFICADO;NÃO SERIADA;3,3;;2026;;GLOBO COMUNICACAO E PARTICIPACOES S/A;27.865.757/0001-02
HAÏTI, THE PRICE OF INDEPENDENCE;HAITI - O ALTO CUSTO DA INDEPENDÊNCIA;E2600213800000;03/07/2026;REGISTRADO;DOCUMENTÁRIO;;ESTRANGEIRA CONSTITUINTE DE ESPAÇO QUALIFICADO;NÃO SERIADA;62;;2024;;CURTA! PROGRAMADORA DE CANAIS DE TV LTDA;17.164.803/0001-84
HEART OF THE BEAST;CORAÇÃO SELVAGEM;E2600270000000;18/08/2026;REGISTRADO;FICÇÃO;;ESTRANGEIRA CONSTITUINTE DE ESPAÇO QUALIFICADO;NÃO SERIADA;101;;2026;;PARAMOUNT PICTURES BRASIL DISTRIBUIDORA DE FILMES LTDA;27.654.722/0001-16
HENRY FREITAS E LAUANA PRADO - A PILANTRA E O VAGABUNDO;HENRY FREITAS E LAUANA PRADO - A PILANTRA E O VAGABUNDO;E2600091400000;25/03/2026;REGISTRADO;VÍDEOMUSICAL;;ESTRANGEIRA CONSTITUINTE DE ESPAÇO QUALIFICADO;NÃO SERIADA;2,8;;2026;;GLOBO COMUNICACAO E PARTICIPACOES S/A;27.865.757/0001-02
HENRY FREITAS PART. NÚZIO MEDEIROS E KADU MARTINS - SUPERFANTASTICAMENTE;HENRY FREITAS PART. NÚZIO MEDEIROS E KADU MARTINS - SUPERFANTASTICAMENTE;E2600055700000;24/02/2026;REGISTRADO;VÍDEOMUSICAL;;ESTRANGEIRA CONSTITUINTE DE ESPAÇO QUALIFICADO;NÃO SERIADA;3,0;;2026;;GLOBO COMUNICACAO E PARTICIPACOES S/A;27.865.757/0001-02
HOKUM;HOKUM: O PESADELO DA BRUXA;E2600048000000;20/02/2026;REGISTRADO;FICÇÃO;;ESTRANGEIRA CONSTITUINTE DE ESPAÇO QUALIFICADO;NÃO SERIADA;101;;2026;;DIAMOND FILMS DO BRASIL PRODUÇÃO E DISTRIBUIÇÃO AUDIOVISUAL LTDA.;17.095.184/0001-13
HOLIDAY MISMATCH;O COMITÊ DE NATAL;E2600198200000;19/06/2026;REGISTRADO;FICÇÃO;;ESTRANGEIRA CONSTITUINTE DE ESPAÇO QUALIFICADO;NÃO SERIADA;84;;2024;;GLOBO COMUNICACAO E PARTICIPACOES S/A;27.865.757/0001-02
HOME SWEET HOME;LAR DOCE LAR ... OU NÃO;E2600253200000;30/07/2026;REGISTRADO;VARIEDADES;;ESTRANGEIRA CONSTITUINTE DE ESPAÇO QUALIFICADO;NÃO SERIADA;84;;2020;;A2 DISTRIBUIDORA DE FILMES LTDA EPP;18.338.912/0001-33
HOPE;;E2600266500000;13/08/2026;REGISTRADO;FICÇÃO;;ESTRANGEIRA CONSTITUINTE DE ESPAÇO QUALIFICADO;NÃO SERIADA;160;;2026;;WMIX DISTRIBUIDORA LTDA.;03.918.609/0001-32
HOPPERS;CARA DE UM, FOCINHO DE OUTRO;E2600025800000;28/01/2026;REGISTRADO;ANIMAÇÃO;;ESTRANGEIRA CONSTITUINTE DE ESPAÇO QUALIFICADO;NÃO SERIADA;105;;2026;;THE WALT DISNEY COMPANY (BRASIL) LTDA.;73.042.962/0001-87
HOTARU NO HAKA;TÚMULO DOS VAGALUMES;E2600113900000;15/04/2026;REGISTRADO;ANIMAÇÃO;;ESTRANGEIRA CONSTITUINTE DE ESPAÇO QUALIFICADO;NÃO SERIADA;88;;1988;;CINEMARK BRASIL S.A;00.779.721/0001-41
HOW TO ROB A BANK;COMO ROUBAR UM BANCO;E2600182800000;02/06/2026;REGISTRADO;FICÇÃO;;ESTRANGEIRA CONSTITUINTE DE ESPAÇO QUALIFICADO;NÃO SERIADA;90;;2026;;COLUMBIA TRISTAR FILMES DO BRASIL LTDA;00.979.601/0001-98
HUGO & GUILHERME PART. MENOS E´ MAIS - ELE E ELA;HUGO & GUILHERME PART. MENOS E´ MAIS - ELE E ELA;E2600055800000;24/02/2026;REGISTRADO;VÍDEOMUSICAL;;ESTRANGEIRA CONSTITUINTE DE ESPAÇO QUALIFICADO;NÃO SERIADA;2,8;;2026;;GLOBO COMUNICACAO E PARTICIPACOES S/A;27.865.757/0001-02
HUNGRY;A FERA DO PÂNTANO;E2600269000000;17/08/2026;REGISTRADO;FICÇÃO;;ESTRANGEIRA CONSTITUINTE DE ESPAÇO QUALIFICADO;NÃO SERIADA;93;;2026;;GLOBO COMUNICACAO E PARTICIPACOES S/A;27.865.757/0001-02
HUNTING PARTY, THE SEASON 2;HUNTING PARTY, THE SEASON 2;E2600085600000;20/03/2026;REGISTRADO;FICÇÃO;;ESTRANGEIRA CONSTITUINTE DE ESPAÇO QUALIFICADO;SERIADA EM MÚLTIPLAS TEMPORADAS;780;13;2026;2026;NBCUNIVERSAL NETWORKS INTERNATIONAL BRASIL PROGRAMADORA S/A;01.253.766/0001-40
I PLAY ROCKY;;E2600270700000;18/08/2026;REGISTRADO;FICÇÃO;;ESTRANGEIRA CONSTITUINTE DE ESPAÇO QUALIFICADO;NÃO SERIADA;128;;2026;;DIAMOND FILMS DO BRASIL PRODUÇÃO E DISTRIBUIÇÃO AUDIOVISUAL LTDA.;17.095.184/0001-13
I WAS A STRANGER;O CASO DOS ESTRANGEIROS;E2600017900000;21/01/2026;REGISTRADO;FICÇÃO;;ESTRANGEIRA CONSTITUINTE DE ESPAÇO QUALIFICADO;NÃO SERIADA;103;;2024;;SM DISTRIBUIDORA DE FILMES LTDA;08.257.054/0001-49
ICE CREAM MAN;O SORVETEIRO;E2600140600000;30/04/2026;REGISTRADO;FICÇÃO;;ESTRANGEIRA CONSTITUINTE DE ESPAÇO QUALIFICADO;NÃO SERIADA;106;;2026;;DIAMOND FILMS DO BRASIL PRODUÇÃO E DISTRIBUIÇÃO AUDIOVISUAL LTDA.;17.095.184/0001-13
ICE SKATER;PERDIDA NO ÁRTICO;E2600200600000;22/06/2026;REGISTRADO;FICÇÃO;;ESTRANGEIRA CONSTITUINTE DE ESPAÇO QUALIFICADO;NÃO SERIADA;83;;2026;;CLUBE FILMES LTDA;46.401.439/0001-27
IDIOTS;IDIOTAS;E2600220500000;09/07/2026;REGISTRADO;FICÇÃO;;ESTRANGEIRA CONSTITUINTE DE ESPAÇO QUALIFICADO;NÃO SERIADA;98;;2026;;WMIX DISTRIBUIDORA LTDA.;03.918.609/0001-32
IGGY POP – LIVE IN SWITZERLAND;IGGY POP – LIVE IN SWITZERLAND;E2600107800000;09/04/2026;REGISTRADO;DOCUMENTÁRIO;;ESTRANGEIRA CONSTITUINTE DE ESPAÇO QUALIFICADO;NÃO SERIADA;88;;2025;;GLOBO COMUNICACAO E PARTICIPACOES S/A;27.865.757/0001-02
IMPROVISIERT UND ZIELBEWUSST;CINEMA NOVO;E2600177300000;28/05/2026;REGISTRADO;DOCUMENTÁRIO;;ESTRANGEIRA CONSTITUINTE DE ESPAÇO QUALIFICADO;NÃO SERIADA;30;;1967;;FILMES DO SERRO LTDA.;33.451.113/0001-62
IN-I IN MOTION;IN-I IN MOTION;E2600147600000;05/05/2026;REGISTRADO;DOCUMENTÁRIO;;ESTRANGEIRA CONSTITUINTE DE ESPAÇO QUALIFICADO;NÃO SERIADA;127;;2025;;ESTAÇÃO CINEMA E CULTURA LTDA;02.745.624/0001-63
INCLUIDOS, TRABAJAR SIN PREJUICIOS;INCLUÍDOS: TRABALHANDO SEM PRECONCEITOS;E2600093700000;25/03/2026;REGISTRADO;DOCUMENTÁRIO;;ESTRANGEIRA CONSTITUINTE DE ESPAÇO QUALIFICADO;SERIADA EM TEMPORADA ÚNICA;338;13;2015;2015;FUNDAÇÃO ROBERTO MARINHO;29.527.413/0001-00
INSIDIOUS: OUT OF THE FURTHER;SOBRENATURAL: AGORA ENTRE NÓS;E2600146500000;05/05/2026;REGISTRADO;FICÇÃO;;ESTRANGEIRA CONSTITUINTE DE ESPAÇO QUALIFICADO;NÃO SERIADA;106,5;;2026;;COLUMBIA TRISTAR FILMES DO BRASIL LTDA;00.979.601/0001-98
INTERPOL AT HURRICANE FESTIVAL 2014;INTERPOL AT HURRICANE FESTIVAL 2014;E2600033500000;04/02/2026;REGISTRADO;DOCUMENTÁRIO;;ESTRANGEIRA CONSTITUINTE DE ESPAÇO QUALIFICADO;NÃO SERIADA;57;;2014;;GLOBO COMUNICACAO E PARTICIPACOES S/A;27.865.757/0001-02
INTO THE WILD COLOMBIA;;E2600196000000;18/06/2026;REGISTRADO;DOCUMENTÁRIO;;ESTRANGEIRA CONSTITUINTE DE ESPAÇO QUALIFICADO;SERIADA EM TEMPORADA ÚNICA;300;5;2018;2018;EMPRESA BRASIL DE COMUNICACAO S.A. - EBC;09.168.704/0001-42
IRAN, ISRAEL AND THE BOMB;IRÃ, ISRAEL E A BOMBA;E2600069000000;05/03/2026;REGISTRADO;DOCUMENTÁRIO;;ESTRANGEIRA CONSTITUINTE DE ESPAÇO QUALIFICADO;NÃO SERIADA;55;;2026;;GLOBO COMUNICACAO E PARTICIPACOES S/A;27.865.757/0001-02
IRON LUNG;IRON LUNG;E2600045700000;19/02/2026;REGISTRADO;FICÇÃO;;ESTRANGEIRA CONSTITUINTE DE ESPAÇO QUALIFICADO;NÃO SERIADA;127;;2026;;SM DISTRIBUIDORA DE FILMES LTDA;08.257.054/0001-49
IRON MAIDEN: BURNING AMBITION;IRON MAIDEN: BURNING AMBITION;E2600071400000;09/03/2026;REGISTRADO;DOCUMENTÁRIO;;ESTRANGEIRA CONSTITUINTE DE ESPAÇO QUALIFICADO;NÃO SERIADA;106;;2026;;WARNER BROS. (SOUTH) INC.;33.015.827/0001-28
IS EUROPE TOO LATE TO COMPETE IN THE CHIP WAR?;IS EUROPE TOO LATE TO COMPETE IN THE CHIP WAR?;E2600131600000;27/04/2026;REGISTRADO;JORNALÍSTICA;;COMUM;SERIADA DE DURAÇÃO INDETERMINADA;1440;24;2026;2026;BLOOMBERG DO BRASIL COMÉRCIO E SERVIÇOS LTDA.;74.232.679/0001-80
IS THIS THING ON?;ISSO AINDA ESTÁ DE PÉ?;E2600002000000;05/01/2026;REGISTRADO;FICÇÃO;;ESTRANGEIRA CONSTITUINTE DE ESPAÇO QUALIFICADO;NÃO SERIADA;124;;2026;;THE WALT DISNEY COMPANY (BRASIL) LTDA.;73.042.962/0001-87
ISRAEL & RODOLFFO - AMNÉSIA;;E2600273500000;19/08/2026;REGISTRADO;VÍDEOMUSICAL;;ESTRANGEIRA CONSTITUINTE DE ESPAÇO QUALIFICADO;NÃO SERIADA;2,6;;2026;;GLOBO COMUNICACAO E PARTICIPACOES S/A;27.865.757/0001-02
ISRAEL & RODOLFFO - HOJE NÃO;ISRAEL & RODOLFFO - HOJE NÃO;E2600116200000;16/04/2026;REGISTRADO;VÍDEOMUSICAL;;ESTRANGEIRA CONSTITUINTE DE ESPAÇO QUALIFICADO;NÃO SERIADA;2,5;;2026;;GLOBO COMUNICACAO E PARTICIPACOES S/A;27.865.757/0001-02
IZA PART. JOTA.PÊ - EU E VOCÊ;IZA PART. JOTA.PÊ - EU E VOCÊ;E2600055900000;24/02/2026;REGISTRADO;VÍDEOMUSICAL;;ESTRANGEIRA CONSTITUINTE DE ESPAÇO QUALIFICADO;NÃO SERIADA;2,4;;2026;;GLOBO COMUNICACAO E PARTICIPACOES S/A;27.865.757/0001-02
JAY WHEELER - DE LEJITOS;JAY WHEELER - DE LEJITOS;E2600196300000;18/06/2026;REGISTRADO;VÍDEOMUSICAL;;ESTRANGEIRA CONSTITUINTE DE ESPAÇO QUALIFICADO;NÃO SERIADA;3,8;;2026;;HQ MUSIC MARKETING LTDA;35.787.544/0001-20
JAY WHEELER - RUBIO;JAY WHEELER - RUBIO;E2600210100000;30/06/2026;REGISTRADO;VÍDEOMUSICAL;;ESTRANGEIRA CONSTITUINTE DE ESPAÇO QUALIFICADO;NÃO SERIADA;4,8;;2026;;HQ MUSIC MARKETING LTDA;35.787.544/0001-20
JORGE & MATEUS - SÓ SE FOR SOZINHO;JORGE & MATEUS - SÓ SE FOR SOZINHO;E2600237300000;22/07/2026;REGISTRADO;VÍDEOMUSICAL;;ESTRANGEIRA CONSTITUINTE DE ESPAÇO QUALIFICADO;NÃO SERIADA;3;;2026;;GLOBO COMUNICACAO E PARTICIPACOES S/A;27.865.757/0001-02
JORGE & MATEUS PART. MATHEUS & KAUAN - GAIVOTA;JORGE & MATEUS PART. MATHEUS & KAUAN - GAIVOTA;E2600091500000;25/03/2026;REGISTRADO;VÍDEOMUSICAL;;ESTRANGEIRA CONSTITUINTE DE ESPAÇO QUALIFICADO;NÃO SERIADA;3,0;;2026;;GLOBO COMUNICACAO E PARTICIPACOES S/A;27.865.757/0001-02
JORGE DREXLER FEAT. RUEDA DE CANDOMBE - ¿QUÉ SERÁ QUE ES?;JORGE DREXLER FEAT. RUEDA DE CANDOMBE - ¿QUÉ SERÁ QUE ES?;E2600119300000;17/04/2026;REGISTRADO;VÍDEOMUSICAL;;ESTRANGEIRA CONSTITUINTE DE ESPAÇO QUALIFICADO;NÃO SERIADA;3,8;;2026;;GLOBO COMUNICACAO E PARTICIPACOES S/A;27.865.757/0001-02
JORJA SMITH - WHAT'S DONE IS DONE;;E2600273700000;19/08/2026;REGISTRADO;VÍDEOMUSICAL;;ESTRANGEIRA CONSTITUINTE DE ESPAÇO QUALIFICADO;NÃO SERIADA;2,6;;2026;;GLOBO COMUNICACAO E PARTICIPACOES S/A;27.865.757/0001-02
JOTAVÊ PART. KADU MARTINS, ARTHUR VALGUEIRO E RAINHA DA FARRA - COMO FAZ COM ELA;;E2600274100000;19/08/2026;REGISTRADO;VÍDEOMUSICAL;;ESTRANGEIRA CONSTITUINTE DE ESPAÇO QUALIFICADO;NÃO SERIADA;2,5;;2026;;GLOBO COMUNICACAO E PARTICIPACOES S/A;27.865.757/0001-02
JOÃO GOMES, MESTRINHO E JOTA.PÊ - DEUSA MINHA;JOÃO GOMES, MESTRINHO E JOTA.PÊ - DEUSA MINHA;E2600166700000;22/05/2026;REGISTRADO;VÍDEOMUSICAL;;ESTRANGEIRA CONSTITUINTE DE ESPAÇO QUALIFICADO;NÃO SERIADA;2,8;;2026;;GLOBO COMUNICACAO E PARTICIPACOES S/A;27.865.757/0001-02
JUEGOS DE AMOR Y PODER;;E2600207000000;25/06/2026;REGISTRADO;FICÇÃO;;ESTRANGEIRA CONSTITUINTE DE ESPAÇO QUALIFICADO;SERIADA EM TEMPORADA ÚNICA;4200;70;2025;2025;GLOBO COMUNICACAO E PARTICIPACOES S/A;27.865.757/0001-02
JULIA MESTRE - AFIM DE VERÃO;JULIA MESTRE - AFIM DE VERÃO;E2600200200000;22/06/2026;REGISTRADO;VÍDEOMUSICAL;;ESTRANGEIRA CONSTITUINTE DE ESPAÇO QUALIFICADO;NÃO SERIADA;4,7;;2026;;GLOBO COMUNICACAO E PARTICIPACOES S/A;27.865.757/0001-02
JUSTIN TIMBERLAKE  - SEXY BACK;;E2600274200000;19/08/2026;REGISTRADO;VÍDEOMUSICAL;;ESTRANGEIRA CONSTITUINTE DE ESPAÇO QUALIFICADO;NÃO SERIADA;4,4;;2026;;GLOBO COMUNICACAO E PARTICIPACOES S/A;27.865.757/0001-02
JÃO - CATEDRAL;;E2600273600000;19/08/2026;REGISTRADO;VÍDEOMUSICAL;;ESTRANGEIRA CONSTITUINTE DE ESPAÇO QUALIFICADO;NÃO SERIADA;3,7;;2026;;GLOBO COMUNICACAO E PARTICIPACOES S/A;27.865.757/0001-02
JÚNIOR & CÉZAR - PÉ DE MANGA;JÚNIOR & CÉZAR - PÉ DE MANGA;E2600168400000;22/05/2026;REGISTRADO;VÍDEOMUSICAL;;ESTRANGEIRA CONSTITUINTE DE ESPAÇO QUALIFICADO;NÃO SERIADA;2,3;;2026;;GLOBO COMUNICACAO E PARTICIPACOES S/A;27.865.757/0001-02
KAIQUE & FELIPE PART. COUNTRYBEAT - ROLÊ PERFEITO;;E2600274300000;19/08/2026;REGISTRADO;VÍDEOMUSICAL;;ESTRANGEIRA CONSTITUINTE DE ESPAÇO QUALIFICADO;NÃO SERIADA;2,8;;2026;;GLOBO COMUNICACAO E PARTICIPACOES S/A;27.865.757/0001-02
KAIQUE & FELIPE PART. GUILHERME & BENUTO - ENTREI DE GAIATO;KAIQUE & FELIPE PART. GUILHERME & BENUTO - ENTREI DE GAIATO;E2600091600000;25/03/2026;REGISTRADO;VÍDEOMUSICAL;;ESTRANGEIRA CONSTITUINTE DE ESPAÇO QUALIFICADO;NÃO SERIADA;2,5;;2026;;GLOBO COMUNICACAO E PARTICIPACOES S/A;27.865.757/0001-02
KAIQUE & FELIPE PART. LUAN SANTANA - MENTE SÃ;KAIQUE & FELIPE PART. LUAN SANTANA - MENTE SÃ;E2600203600000;23/06/2026;REGISTRADO;VÍDEOMUSICAL;;ESTRANGEIRA CONSTITUINTE DE ESPAÇO QUALIFICADO;NÃO SERIADA;2,5;;2026;;GLOBO COMUNICACAO E PARTICIPACOES S/A;27.865.757/0001-02
KART LOVE PART. NETTO BRITO¿- PROFISSIONAL DO AMOR;KART LOVE PART. NETTO BRITO¿- PROFISSIONAL DO AMOR;E2600240100000;23/07/2026;REGISTRADO;VÍDEOMUSICAL;;ESTRANGEIRA CONSTITUINTE DE ESPAÇO QUALIFICADO;NÃO SERIADA;2,0;;2026;;GLOBO COMUNICACAO E PARTICIPACOES S/A;27.865.757/0001-02
KATSEYE - ANIMAL;;E2600274400000;19/08/2026;REGISTRADO;VÍDEOMUSICAL;;ESTRANGEIRA CONSTITUINTE DE ESPAÇO QUALIFICADO;NÃO SERIADA;3,1;;2026;;GLOBO COMUNICACAO E PARTICIPACOES S/A;27.865.757/0001-02
KATSEYE - GABRIELA;KATSEYE - GABRIELA;E2600091700000;25/03/2026;REGISTRADO;VÍDEOMUSICAL;;ESTRANGEIRA CONSTITUINTE DE ESPAÇO QUALIFICADO;NÃO SERIADA;4,9;;2026;;GLOBO COMUNICACAO E PARTICIPACOES S/A;27.865.757/0001-02
KATSEYE - PINKY UP;KATSEYE - PINKY UP;E2600169100000;25/05/2026;REGISTRADO;VÍDEOMUSICAL;;ESTRANGEIRA CONSTITUINTE DE ESPAÇO QUALIFICADO;NÃO SERIADA;2,9;;2026;;GLOBO COMUNICACAO E PARTICIPACOES S/A;27.865.757/0001-02
KATSEYE - TOUCH;KATSEYE - TOUCH;E2600091800000;25/03/2026;REGISTRADO;VÍDEOMUSICAL;;ESTRANGEIRA CONSTITUINTE DE ESPAÇO QUALIFICADO;NÃO SERIADA;2,2;;2026;;GLOBO COMUNICACAO E PARTICIPACOES S/A;27.865.757/0001-02
KATSEYE: WILD HEARTS;KATSEYE: WILD HEARTS;E2600203700000;23/06/2026;REGISTRADO;VÍDEOMUSICAL;Registro de Eventos;ESTRANGEIRA CONSTITUINTE DE ESPAÇO QUALIFICADO;NÃO SERIADA;80;;2026;;UNITED CINEMAS INTERNATIONAL BRASIL LTDA.;01.289.530/0001-64
KATY PERRY - WATCH IT BURN;KATY PERRY - WATCH IT BURN;E2600242400000;23/07/2026;REGISTRADO;VÍDEOMUSICAL;;ESTRANGEIRA CONSTITUINTE DE ESPAÇO QUALIFICADO;NÃO SERIADA;3,3;;2026;;GLOBO COMUNICACAO E PARTICIPACOES S/A;27.865.757/0001-02
KATY PERRY: THE LIFETIMES TOUR - LIVE FROM PARIS;KATY PERRY: THE LIFETIMES TOUR - LIVE FROM PARIS;E2600230800000;16/07/2026;REGISTRADO;VÍDEOMUSICAL;Registro de Eventos;ESTRANGEIRA CONSTITUINTE DE ESPAÇO QUALIFICADO;NÃO SERIADA;132;;2026;;UNITED CINEMAS INTERNATIONAL BRASIL LTDA.;01.289.530/0001-64
KAYBLACK - SERÁ;KAYBLACK - SERÁ;E2600242500000;23/07/2026;REGISTRADO;VÍDEOMUSICAL;;ESTRANGEIRA CONSTITUINTE DE ESPAÇO QUALIFICADO;NÃO SERIADA;2,7;;2026;;GLOBO COMUNICACAO E PARTICIPACOES S/A;27.865.757/0001-02
KILL BILL: THE WHOLE BLOODY AFFAIR;KILL BILL: THE WHOLE BLOODY AFFAIR;E2600014100000;16/01/2026;REGISTRADO;FICÇÃO;;ESTRANGEIRA CONSTITUINTE DE ESPAÇO QUALIFICADO;NÃO SERIADA;275;;2025;;SM DISTRIBUIDORA DE FILMES LTDA;08.257.054/0001-49
KILLER, THE;THE KILLER;E2600111800000;14/04/2026;REGISTRADO;FICÇÃO;;ESTRANGEIRA CONSTITUINTE DE ESPAÇO QUALIFICADO;NÃO SERIADA;126;;2024;;NBCUNIVERSAL NETWORKS INTERNATIONAL BRASIL PROGRAMADORA S/A;01.253.766/0001-40
KLEBER LUCAS - ELE DISSE;KLEBER LUCAS - ELE DISSE;E2600056000000;24/02/2026;REGISTRADO;VÍDEOMUSICAL;;ESTRANGEIRA CONSTITUINTE DE ESPAÇO QUALIFICADO;NÃO SERIADA;3,5;;2026;;GLOBO COMUNICACAO E PARTICIPACOES S/A;27.865.757/0001-02
KLEBER LUCAS - HÁ UM AMIGO;KLEBER LUCAS - HÁ UM AMIGO;E2600056100000;24/02/2026;REGISTRADO;VÍDEOMUSICAL;;ESTRANGEIRA CONSTITUINTE DE ESPAÇO QUALIFICADO;NÃO SERIADA;4,8;;2026;;GLOBO COMUNICACAO E PARTICIPACOES S/A;27.865.757/0001-02
KLEBER LUCAS - O IMPOSSÍVEL;KLEBER LUCAS - O IMPOSSÍVEL;E2600056200000;24/02/2026;REGISTRADO;VÍDEOMUSICAL;;ESTRANGEIRA CONSTITUINTE DE ESPAÇO QUALIFICADO;NÃO SERIADA;4,2;;2026;;GLOBO COMUNICACAO E PARTICIPACOES S/A;27.865.757/0001-02
KLEBER LUCAS - PRÓDIGO;KLEBER LUCAS - PRÓDIGO;E2600057100000;24/02/2026;REGISTRADO;VÍDEOMUSICAL;;ESTRANGEIRA CONSTITUINTE DE ESPAÇO QUALIFICADO;NÃO SERIADA;3;;2026;;GLOBO COMUNICACAO E PARTICIPACOES S/A;27.865.757/0001-02
KLEBER LUCAS - SE EU CHAMASSE TEU NOME;KLEBER LUCAS - SE EU CHAMASSE TEU NOME;E2600057200000;24/02/2026;REGISTRADO;VÍDEOMUSICAL;;ESTRANGEIRA CONSTITUINTE DE ESPAÇO QUALIFICADO;NÃO SERIADA;4,0;;2026;;GLOBO COMUNICACAO E PARTICIPACOES S/A;27.865.757/0001-02
KLEBER LUCAS - TEMPO DE DEUS;KLEBER LUCAS - TEMPO DE DEUS;E2600057300000;24/02/2026;REGISTRADO;VÍDEOMUSICAL;;ESTRANGEIRA CONSTITUINTE DE ESPAÇO QUALIFICADO;NÃO SERIADA;3,5;;2026;;GLOBO COMUNICACAO E PARTICIPACOES S/A;27.865.757/0001-02
KLEBER LUCAS - TODAS AS VEZES;KLEBER LUCAS - TODAS AS VEZES;E2600057400000;24/02/2026;REGISTRADO;VÍDEOMUSICAL;;ESTRANGEIRA CONSTITUINTE DE ESPAÇO QUALIFICADO;NÃO SERIADA;4,2;;2026;;GLOBO COMUNICACAO E PARTICIPACOES S/A;27.865.757/0001-02
KLEBER LUCAS - TODOS;KLEBER LUCAS - TODOS;E2600057500000;24/02/2026;REGISTRADO;VÍDEOMUSICAL;;ESTRANGEIRA CONSTITUINTE DE ESPAÇO QUALIFICADO;NÃO SERIADA;4,9;;2026;;GLOBO COMUNICACAO E PARTICIPACOES S/A;27.865.757/0001-02
KLEBER LUCAS PART. JENNI ROCHA - LÂMPADA PARA OS MEUS PÉS;KLEBER LUCAS PART. JENNI ROCHA - LÂMPADA PARA OS MEUS PÉS;E2600057600000;24/02/2026;REGISTRADO;VÍDEOMUSICAL;;ESTRANGEIRA CONSTITUINTE DE ESPAÇO QUALIFICADO;NÃO SERIADA;5,3;;2026;;GLOBO COMUNICACAO E PARTICIPACOES S/A;27.865.757/0001-02
KOKUHÔ;KOKUHO - O PREÇO DA PERFEIÇÃO;E2600003700000;06/01/2026;REGISTRADO;FICÇÃO;;ESTRANGEIRA CONSTITUINTE DE ESPAÇO QUALIFICADO;NÃO SERIADA;174;;2025;;SA DISTRIBUIDORA DE CONTEÚDO AUDIOVISUAL LTDA;33.356.343/0001-42
KUBRICK BY KUBRICK;KUBRICK POR KUBRICK;E2600005600000;07/01/2026;REGISTRADO;DOCUMENTÁRIO;;ESTRANGEIRA CONSTITUINTE DE ESPAÇO QUALIFICADO;NÃO SERIADA;60;;2020;;CURTA! PROGRAMADORA DE CANAIS DE TV LTDA;17.164.803/0001-84
L'ABBAGLIO;GRIBALDI NA ITÁLIA;E2600265300000;11/08/2026;REGISTRADO;FICÇÃO;;ESTRANGEIRA CONSTITUINTE DE ESPAÇO QUALIFICADO;NÃO SERIADA;131;;2025;;PROVIDENCE DISTRIBUIDORA DE FILMES LTDA;08.656.129/0001-64
L'ATTACHEMENT;O APEGO;E2600255300000;03/08/2026;REGISTRADO;FICÇÃO;;ESTRANGEIRA CONSTITUINTE DE ESPAÇO QUALIFICADO;NÃO SERIADA;106;;2024;;BONFILM PRODUÇÃO E DISTRIBUIÇÃO AUDIOVISUAL LTDA;10.383.039/0001-99
LA BOLA NEGRA;;E2600262300000;07/08/2026;REGISTRADO;FICÇÃO;;ESTRANGEIRA CONSTITUINTE DE ESPAÇO QUALIFICADO;NÃO SERIADA;155;;2026;;SM DISTRIBUIDORA DE FILMES LTDA;08.257.054/0001-49
LA ESPINA DE DIOS;MARCAS DO AMOR;E2600049100000;23/02/2026;REGISTRADO;FICÇÃO;;ESTRANGEIRA CONSTITUINTE DE ESPAÇO QUALIFICADO;NÃO SERIADA;142;;2015;;DENISE JANCAR;00.711.925/0001-40
LA GRAZIA;A GRAÇA;E2600041300000;11/02/2026;REGISTRADO;FICÇÃO;;ESTRANGEIRA CONSTITUINTE DE ESPAÇO QUALIFICADO;NÃO SERIADA;133;;2025;;PROVIDENCE DISTRIBUIDORA DE FILMES LTDA;08.656.129/0001-64
LA MISTERIOSA MIRADA DEL FLAMENCO;O OLHAR MISTERIOSO DO FLAMINGO;E2600040400000;10/02/2026;REGISTRADO;FICÇÃO;;ESTRANGEIRA CONSTITUINTE DE ESPAÇO QUALIFICADO;NÃO SERIADA;109;;2025;;TAG CULTURAL DISTRIBUIDORA DE FILMES LTDA;03.599.148/0001-82
LA PIANISTE;A PROFESSORA DE PIANO;E2600219600000;09/07/2026;REGISTRADO;FICÇÃO;;ESTRANGEIRA CONSTITUINTE DE ESPAÇO QUALIFICADO;NÃO SERIADA;131;;2001;;CSF DISTRIBUIDORA & STREAMING LTDA;39.493.419/0001-68
LADY GAGA - RUNWAY;LADY GAGA - RUNWAY;E2600167700000;22/05/2026;REGISTRADO;VÍDEOMUSICAL;;ESTRANGEIRA CONSTITUINTE DE ESPAÇO QUALIFICADO;NÃO SERIADA;2,9;;2026;;GLOBO COMUNICACAO E PARTICIPACOES S/A;27.865.757/0001-02
LAS CORRIENTES;AS CORRENTES;E2600147700000;05/05/2026;REGISTRADO;FICÇÃO;;ESTRANGEIRA CONSTITUINTE DE ESPAÇO QUALIFICADO;NÃO SERIADA;104;;2025;;ESTAÇÃO CINEMA E CULTURA LTDA;02.745.624/0001-63
LAUANA PRADO PART. MURILO HUFF - PRA VOCÊ LEMBRAR DE MIM;LAUANA PRADO PART. MURILO HUFF - PRA VOCÊ LEMBRAR DE MIM;E2600057700000;24/02/2026;REGISTRADO;VÍDEOMUSICAL;;ESTRANGEIRA CONSTITUINTE DE ESPAÇO QUALIFICADO;NÃO SERIADA;2,8;;2026;;GLOBO COMUNICACAO E PARTICIPACOES S/A;27.865.757/0001-02
LAUFEY - MADWOMAN;LAUFEY - MADWOMAN;E2600242600000;23/07/2026;REGISTRADO;VÍDEOMUSICAL;;ESTRANGEIRA CONSTITUINTE DE ESPAÇO QUALIFICADO;NÃO SERIADA;4,3;;2026;;GLOBO COMUNICACAO E PARTICIPACOES S/A;27.865.757/0001-02
LAUFEY: LIVE AT THE HOLLYWOOD BOWL;LAUFEY: LIVE AT THE HOLLYWOOD BOWL;E2600107900000;09/04/2026;REGISTRADO;DOCUMENTÁRIO;;ESTRANGEIRA CONSTITUINTE DE ESPAÇO QUALIFICADO;NÃO SERIADA;90;;2024;;GLOBO COMUNICACAO E PARTICIPACOES S/A;27.865.757/0001-02
LAURA PAUSINI FEAT. SANDY - QUANDO CHOVE;;E2600274500000;19/08/2026;REGISTRADO;VÍDEOMUSICAL;;ESTRANGEIRA CONSTITUINTE DE ESPAÇO QUALIFICADO;NÃO SERIADA;3,2;;2026;;GLOBO COMUNICACAO E PARTICIPACOES S/A;27.865.757/0001-02
LAW & ORDER: ORGANIZED CRIME S4;LAW & ORDER: ORGANIZED CRIME S4;E2600230200000;16/07/2026;REGISTRADO;FICÇÃO;;ESTRANGEIRA CONSTITUINTE DE ESPAÇO QUALIFICADO;SERIADA EM MÚLTIPLAS TEMPORADAS;780;13;2023;2023;NBCUNIVERSAL NETWORKS INTERNATIONAL BRASIL PROGRAMADORA S/A;01.253.766/0001-40
LEADERS WITH FRANCINE LACQUA;LEADERS WITH FRANCINE LACQUA;E2600131500000;27/04/2026;REGISTRADO;JORNALÍSTICA;;COMUM;SERIADA DE DURAÇÃO INDETERMINADA;4320;36;2026;2026;BLOOMBERG DO BRASIL COMÉRCIO E SERVIÇOS LTDA.;74.232.679/0001-80
LEADERS WITH FRANCINE LACQUA: ALEXANDER STUBB, PRESIDENT OF FINLAND;LEADERS WITH FRANCINE LACQUA: ALEXANDER STUBB, PRESIDENT OF FINLAND;E2600131400000;27/04/2026;REGISTRADO;JORNALÍSTICA;;COMUM;SERIADA DE DURAÇÃO INDETERMINADA;720;24;2026;2026;BLOOMBERG DO BRASIL COMÉRCIO E SERVIÇOS LTDA.;74.232.679/0001-80
LEE CRONIN'S THE MUMMY;MALDIÇÃO DA MÚMIA;E2600065300000;03/03/2026;REGISTRADO;FICÇÃO;;ESTRANGEIRA CONSTITUINTE DE ESPAÇO QUALIFICADO;NÃO SERIADA;95;;2026;;WARNER BROS. (SOUTH) INC.;33.015.827/0001-28
LES COULISSES DE L'HISTOIRE - LE NEW DEAL À TOUT PRIX!;NEW DEAL - A QUALQUER CUSTO;E2600247800000;28/07/2026;REGISTRADO;DOCUMENTÁRIO;;ESTRANGEIRA CONSTITUINTE DE ESPAÇO QUALIFICADO;NÃO SERIADA;52;;2024;;CURTA! PROGRAMADORA DE CANAIS DE TV LTDA;17.164.803/0001-84
LEWIS CAPALDI PLAYS BALOISE SESSION;LEWIS CAPALDI PLAYS BALOISE SESSION;E2600033600000;04/02/2026;REGISTRADO;DOCUMENTÁRIO;;ESTRANGEIRA CONSTITUINTE DE ESPAÇO QUALIFICADO;NÃO SERIADA;55;;2022;;GLOBO COMUNICACAO E PARTICIPACOES S/A;27.865.757/0001-02
LEXA E GLORIA GROOVE - PROVOCAR;LEXA E GLORIA GROOVE - PROVOCAR;E2600237400000;22/07/2026;REGISTRADO;VÍDEOMUSICAL;;ESTRANGEIRA CONSTITUINTE DE ESPAÇO QUALIFICADO;NÃO SERIADA;2,7;;2018;;GLOBO COMUNICACAO E PARTICIPACOES S/A;27.865.757/0001-02
LEXA E MC LAN - SAPEQUINHA;LEXA E MC LAN - SAPEQUINHA;E2600237500000;22/07/2026;REGISTRADO;VÍDEOMUSICAL;;ESTRANGEIRA CONSTITUINTE DE ESPAÇO QUALIFICADO;NÃO SERIADA;2,5;;2018;;GLOBO COMUNICACAO E PARTICIPACOES S/A;27.865.757/0001-02
LEXA PART. MC CAROL DE NITERÓI E MC GW - AMIGA COM AMIGA;LEXA PART. MC CAROL DE NITERÓI E MC GW - AMIGA COM AMIGA;E2600203900000;23/06/2026;REGISTRADO;VÍDEOMUSICAL;;ESTRANGEIRA CONSTITUINTE DE ESPAÇO QUALIFICADO;NÃO SERIADA;2,2;;2026;;GLOBO COMUNICACAO E PARTICIPACOES S/A;27.865.757/0001-02
LEXIE LIU - POP GIRL (WITH YVES);LEXIE LIU - POP GIRL (WITH YVES);E2600258500000;05/08/2026;REGISTRADO;VÍDEOMUSICAL;;ESTRANGEIRA CONSTITUINTE DE ESPAÇO QUALIFICADO;NÃO SERIADA;3,0;;2026;;HQ MUSIC MARKETING LTDA;35.787.544/0001-20
LINKIN PARK - BREAKING THE HABIT;LINKIN PARK - BREAKING THE HABIT;E2600091900000;25/03/2026;REGISTRADO;VÍDEOMUSICAL;;ESTRANGEIRA CONSTITUINTE DE ESPAÇO QUALIFICADO;NÃO SERIADA;3,3;;2026;;GLOBO COMUNICACAO E PARTICIPACOES S/A;27.865.757/0001-02
LINKIN PARK UNSHATTER;LINKIN PARK UNSHATTER;E2600236100000;22/07/2026;REGISTRADO;DOCUMENTÁRIO;;ESTRANGEIRA CONSTITUINTE DE ESPAÇO QUALIFICADO;NÃO SERIADA;107,3;;2026;;SA DISTRIBUIDORA DE CONTEÚDO AUDIOVISUAL LTDA;33.356.343/0001-42
LISA, ANITTA, REMA & FIFA SOUND - GOALS;LISA, ANITTA, REMA & FIFA SOUND - GOALS;E2600200700000;22/06/2026;REGISTRADO;VÍDEOMUSICAL;;ESTRANGEIRA CONSTITUINTE DE ESPAÇO QUALIFICADO;NÃO SERIADA;3,0;;2026;;GLOBO COMUNICACAO E PARTICIPACOES S/A;27.865.757/0001-02
LOCKBOX;A CAIXA DO DEMÔNIO;E2600270800000;18/08/2026;REGISTRADO;FICÇÃO;;ESTRANGEIRA CONSTITUINTE DE ESPAÇO QUALIFICADO;NÃO SERIADA;105;;2026;;DIAMOND FILMS DO BRASIL PRODUÇÃO E DISTRIBUIÇÃO AUDIOVISUAL LTDA.;17.095.184/0001-13
LONDON CALLING;MISSÃO: IMPROVÁVEL;E2600124800000;22/04/2026;REGISTRADO;FICÇÃO;;ESTRANGEIRA CONSTITUINTE DE ESPAÇO QUALIFICADO;NÃO SERIADA;114;;2025;;GLOBO COMUNICACAO E PARTICIPACOES S/A;27.865.757/0001-02
LONGEVITY WITH DAVID RUBENSTEIN;LONGEVITY WITH DAVID RUBENSTEIN;E2600131300000;27/04/2026;REGISTRADO;JORNALÍSTICA;;COMUM;SERIADA DE DURAÇÃO INDETERMINADA;720;24;2026;2026;BLOOMBERG DO BRASIL COMÉRCIO E SERVIÇOS LTDA.;74.232.679/0001-80
LOOKING FOR SIMONE;EM BUSCA DE SIMONE DE BEAUVOIR;E2600031800000;03/02/2026;REGISTRADO;DOCUMENTÁRIO;;ESTRANGEIRA CONSTITUINTE DE ESPAÇO QUALIFICADO;NÃO SERIADA;93;;2024;;CURTA! PROGRAMADORA DE CANAIS DE TV LTDA;17.164.803/0001-84
LORENA CRISTINE PART. MARILIA TAVARES - NEM TIRA A ROUPA;LORENA CRISTINE PART. MARILIA TAVARES - NEM TIRA A ROUPA;E2600200800000;22/06/2026;REGISTRADO;VÍDEOMUSICAL;;ESTRANGEIRA CONSTITUINTE DE ESPAÇO QUALIFICADO;NÃO SERIADA;2,5;;2026;;GLOBO COMUNICACAO E PARTICIPACOES S/A;27.865.757/0001-02
LOST ON A MOUNTAIN IN MAINE;PERDIDO NA MONTANHA;E2600163700000;20/05/2026;REGISTRADO;FICÇÃO;;ESTRANGEIRA CONSTITUINTE DE ESPAÇO QUALIFICADO;NÃO SERIADA;98;;2024;;GLOBO COMUNICACAO E PARTICIPACOES S/A;27.865.757/0001-02
LOUIS TOMLINSON - IMPOSTER;LOUIS TOMLINSON - IMPOSTER;E2600092000000;25/03/2026;REGISTRADO;VÍDEOMUSICAL;;ESTRANGEIRA CONSTITUINTE DE ESPAÇO QUALIFICADO;NÃO SERIADA;2,9;;2026;;GLOBO COMUNICACAO E PARTICIPACOES S/A;27.865.757/0001-02
LOULU GILBERTO - MANIAS;LOULU GILBERTO - MANIAS;E2600240200000;23/07/2026;REGISTRADO;VÍDEOMUSICAL;;ESTRANGEIRA CONSTITUINTE DE ESPAÇO QUALIFICADO;NÃO SERIADA;3,5;;2026;;GLOBO COMUNICACAO E PARTICIPACOES S/A;27.865.757/0001-02
LOVE FILM FESTIVAL;;E2600124900000;22/04/2026;REGISTRADO;FICÇÃO;;ESTRANGEIRA CONSTITUINTE DE ESPAÇO QUALIFICADO;NÃO SERIADA;96;;2014;;GLOBO COMUNICACAO E PARTICIPACOES S/A;27.865.757/0001-02
LOW TIDE;MARÉ BAIXA;E2600276300000;19/08/2026;REGISTRADO;FICÇÃO;;ESTRANGEIRA CONSTITUINTE DE ESPAÇO QUALIFICADO;NÃO SERIADA;86;;2019;;NBCUNIVERSAL NETWORKS INTERNATIONAL BRASIL PROGRAMADORA S/A;01.253.766/0001-40
LPT ZLATAN E WALL HEIN - MEU DINHEIRO, MINHAS REGRAS;LPT ZLATAN E WALL HEIN - MEU DINHEIRO, MINHAS REGRAS;E2600057800000;24/02/2026;REGISTRADO;VÍDEOMUSICAL;;ESTRANGEIRA CONSTITUINTE DE ESPAÇO QUALIFICADO;NÃO SERIADA;3,3;;2026;;GLOBO COMUNICACAO E PARTICIPACOES S/A;27.865.757/0001-02
LUAN PEREIRA PART. COUNTRYBEAT - PEDACIN DO COUNTRY;;E2600274600000;19/08/2026;REGISTRADO;VÍDEOMUSICAL;;ESTRANGEIRA CONSTITUINTE DE ESPAÇO QUALIFICADO;NÃO SERIADA;2,0;;2026;;GLOBO COMUNICACAO E PARTICIPACOES S/A;27.865.757/0001-02
LUAN PEREIRA PART. PANDA - 10 SEGUNDOS;LUAN PEREIRA PART. PANDA - 10 SEGUNDOS;E2600116300000;16/04/2026;REGISTRADO;VÍDEOMUSICAL;;ESTRANGEIRA CONSTITUINTE DE ESPAÇO QUALIFICADO;NÃO SERIADA;2,7;;2026;;GLOBO COMUNICACAO E PARTICIPACOES S/A;27.865.757/0001-02
LUAN SANTANA - CANTADA;LUAN SANTANA - CANTADA;E2600051100000;23/02/2026;REGISTRADO;VÍDEOMUSICAL;;ESTRANGEIRA CONSTITUINTE DE ESPAÇO QUALIFICADO;NÃO SERIADA;3,2;;2026;;GLOBO COMUNICACAO E PARTICIPACOES S/A;27.865.757/0001-02
LUCAS PINHEIRO BRAATHEN - DO MEU JEITO;LUCAS PINHEIRO BRAATHEN - DO MEU JEITO;E2600020100000;22/01/2026;REGISTRADO;DOCUMENTÁRIO;;ESTRANGEIRA CONSTITUINTE DE ESPAÇO QUALIFICADO;NÃO SERIADA;90;;2025;;GLOBO COMUNICACAO E PARTICIPACOES S/A;27.865.757/0001-02
LUÍSA SONZA - BRABA;;E2600274000000;19/08/2026;REGISTRADO;VÍDEOMUSICAL;;ESTRANGEIRA CONSTITUINTE DE ESPAÇO QUALIFICADO;NÃO SERIADA;2,3;;2026;;GLOBO COMUNICACAO E PARTICIPACOES S/A;27.865.757/0001-02
LUÍSA SONZA - FRUTO DO TEMPO;LUÍSA SONZA - FRUTO DO TEMPO;E2600119400000;17/04/2026;REGISTRADO;VÍDEOMUSICAL;;ESTRANGEIRA CONSTITUINTE DE ESPAÇO QUALIFICADO;NÃO SERIADA;4,0;;2026;;GLOBO COMUNICACAO E PARTICIPACOES S/A;27.865.757/0001-02
LUÍSA SONZA - LOIRA GELADA;LUÍSA SONZA - LOIRA GELADA;E2600119500000;17/04/2026;REGISTRADO;VÍDEOMUSICAL;;ESTRANGEIRA CONSTITUINTE DE ESPAÇO QUALIFICADO;NÃO SERIADA;3,3;;2026;;GLOBO COMUNICACAO E PARTICIPACOES S/A;27.865.757/0001-02
LUÍSA SONZA - TELEFONE;LUÍSA SONZA - TELEFONE;E2600119600000;17/04/2026;REGISTRADO;VÍDEOMUSICAL;;ESTRANGEIRA CONSTITUINTE DE ESPAÇO QUALIFICADO;NÃO SERIADA;1,6;;2026;;GLOBO COMUNICACAO E PARTICIPACOES S/A;27.865.757/0001-02
LUÍSA SONZA - TROPICAL PARADISE;LUÍSA SONZA - TROPICAL PARADISE;E2600239100000;23/07/2026;REGISTRADO;VÍDEOMUSICAL;;ESTRANGEIRA CONSTITUINTE DE ESPAÇO QUALIFICADO;NÃO SERIADA;1,8;;2026;;GLOBO COMUNICACAO E PARTICIPACOES S/A;27.865.757/0001-02
LUÍSA SONZA PART. TOQUINHO - CONSOLAÇÃO;LUÍSA SONZA PART. TOQUINHO - CONSOLAÇÃO;E2600051200000;23/02/2026;REGISTRADO;VÍDEOMUSICAL;;ESTRANGEIRA CONSTITUINTE DE ESPAÇO QUALIFICADO;NÃO SERIADA;2,8;;2026;;GLOBO COMUNICACAO E PARTICIPACOES S/A;27.865.757/0001-02
LÉO FOGUETE - DEIXO;LÉO FOGUETE - DEIXO;E2600167800000;22/05/2026;REGISTRADO;VÍDEOMUSICAL;;ESTRANGEIRA CONSTITUINTE DE ESPAÇO QUALIFICADO;NÃO SERIADA;3,2;;2026;;GLOBO COMUNICACAO E PARTICIPACOES S/A;27.865.757/0001-02
LÉO SANTANA - MARQUINHA DE FITINHA;LÉO SANTANA - MARQUINHA DE FITINHA;E2600056300000;24/02/2026;REGISTRADO;VÍDEOMUSICAL;;ESTRANGEIRA CONSTITUINTE DE ESPAÇO QUALIFICADO;NÃO SERIADA;2,7;;2026;;GLOBO COMUNICACAO E PARTICIPACOES S/A;27.865.757/0001-02
MA FAMILLE CHÉRIE;MINHA QUERIDA FAMÍLIA;E2600025200000;28/01/2026;REGISTRADO;FICÇÃO;;ESTRANGEIRA CONSTITUINTE DE ESPAÇO QUALIFICADO;NÃO SERIADA;83;;2024;;P & M DISTRIBUIDORA DE FILMES LTDA;22.910.081/0001-08
MAD FAMILIES;LOUCURAS EM FAMÍLIA;E2600104500000;06/04/2026;REGISTRADO;FICÇÃO;;ESTRANGEIRA CONSTITUINTE DE ESPAÇO QUALIFICADO;NÃO SERIADA;87;;2017;;TVSBT CANAL 4 DE SAO PAULO S/A;45.039.237/0001-14
MADAGASCAR: A LITTLE WILD;;E2600277200000;20/08/2026;REGISTRADO;ANIMAÇÃO;;ESTRANGEIRA CONSTITUINTE DE ESPAÇO QUALIFICADO;SERIADA EM MÚLTIPLAS TEMPORADAS;1560;52;2020;2021;GLOBO COMUNICACAO E PARTICIPACOES S/A;27.865.757/0001-02
MADISON BEER - BAD ENOUGH;MADISON BEER - BAD ENOUGH;E2600051300000;23/02/2026;REGISTRADO;VÍDEOMUSICAL;;ESTRANGEIRA CONSTITUINTE DE ESPAÇO QUALIFICADO;NÃO SERIADA;3,8;;2026;;GLOBO COMUNICACAO E PARTICIPACOES S/A;27.865.757/0001-02
MADONNA FEAT. SABRINA CARPENTER - BRING YOUR LOVE;MADONNA FEAT. SABRINA CARPENTER - BRING YOUR LOVE;E2600242700000;23/07/2026;REGISTRADO;VÍDEOMUSICAL;;ESTRANGEIRA CONSTITUINTE DE ESPAÇO QUALIFICADO;NÃO SERIADA;4,1;;2026;;GLOBO COMUNICACAO E PARTICIPACOES S/A;27.865.757/0001-02
MAGALHÃES;MAGALHÃES;E2600147900000;05/05/2026;REGISTRADO;FICÇÃO;;ESTRANGEIRA CONSTITUINTE DE ESPAÇO QUALIFICADO;NÃO SERIADA;160;;2025;;ESTAÇÃO CINEMA E CULTURA LTDA;02.745.624/0001-63
MAJOR RD PART. MV BILL, DJ KLJAY E MELLO - ALFA;;E2600274700000;19/08/2026;REGISTRADO;VÍDEOMUSICAL;;ESTRANGEIRA CONSTITUINTE DE ESPAÇO QUALIFICADO;NÃO SERIADA;4,5;;2026;;GLOBO COMUNICACAO E PARTICIPACOES S/A;27.865.757/0001-02
MAKING TARANTINO;ESCRITO E DIRIGIDO POR QUENTIN TARANTINO;E2600081100000;17/03/2026;REGISTRADO;DOCUMENTÁRIO;;ESTRANGEIRA CONSTITUINTE DE ESPAÇO QUALIFICADO;NÃO SERIADA;52;;2025;;CURTA! PROGRAMADORA DE CANAIS DE TV LTDA;17.164.803/0001-84
MALUMA FEAT. ARCÁNGEL E NTG - BOTERO;MALUMA FEAT. ARCÁNGEL E NTG - BOTERO;E2600166800000;22/05/2026;REGISTRADO;VÍDEOMUSICAL;;ESTRANGEIRA CONSTITUINTE DE ESPAÇO QUALIFICADO;NÃO SERIADA;4,2;;2026;;GLOBO COMUNICACAO E PARTICIPACOES S/A;27.865.757/0001-02
MANEVA - A PAZ;MANEVA - A PAZ;E2600057900000;24/02/2026;REGISTRADO;VÍDEOMUSICAL;;ESTRANGEIRA CONSTITUINTE DE ESPAÇO QUALIFICADO;NÃO SERIADA;3,2;;2026;;GLOBO COMUNICACAO E PARTICIPACOES S/A;27.865.757/0001-02
MANEVA - REGGAE SUA FÉ;MANEVA - REGGAE SUA FÉ;E2600242800000;23/07/2026;REGISTRADO;VÍDEOMUSICAL;;ESTRANGEIRA CONSTITUINTE DE ESPAÇO QUALIFICADO;NÃO SERIADA;2,4;;2026;;GLOBO COMUNICACAO E PARTICIPACOES S/A;27.865.757/0001-02
MARC ANTHONY FEAT. NATHY PELUSO - COMO EN EL IDILIO;MARC ANTHONY FEAT. NATHY PELUSO - COMO EN EL IDILIO;E2600116400000;16/04/2026;REGISTRADO;VÍDEOMUSICAL;;ESTRANGEIRA CONSTITUINTE DE ESPAÇO QUALIFICADO;NÃO SERIADA;4,3;;2026;;GLOBO COMUNICACAO E PARTICIPACOES S/A;27.865.757/0001-02
MARI FERNANDEZ - NO CHÃO DA SALA;MARI FERNANDEZ - NO CHÃO DA SALA;E2600092100000;25/03/2026;REGISTRADO;VÍDEOMUSICAL;;ESTRANGEIRA CONSTITUINTE DE ESPAÇO QUALIFICADO;NÃO SERIADA;2,7;;2026;;GLOBO COMUNICACAO E PARTICIPACOES S/A;27.865.757/0001-02
MARI FERNANDEZ - TELEFONE SEM FIO;MARI FERNANDEZ - TELEFONE SEM FIO;E2600204200000;23/06/2026;REGISTRADO;VÍDEOMUSICAL;;ESTRANGEIRA CONSTITUINTE DE ESPAÇO QUALIFICADO;NÃO SERIADA;2,8;;2026;;GLOBO COMUNICACAO E PARTICIPACOES S/A;27.865.757/0001-02
MARI FERNANDEZ E FELIPE AMORIM - É SÓ OI E TCHAU;MARI FERNANDEZ E FELIPE AMORIM - É SÓ OI E TCHAU;E2600237600000;22/07/2026;REGISTRADO;VÍDEOMUSICAL;;ESTRANGEIRA CONSTITUINTE DE ESPAÇO QUALIFICADO;NÃO SERIADA;3,6;;2026;;GLOBO COMUNICACAO E PARTICIPACOES S/A;27.865.757/0001-02
MARI FERNANDEZ E LÉO FOGUETE - SÓ PRO MEU PRAZER;;E2600274800000;19/08/2026;REGISTRADO;VÍDEOMUSICAL;;ESTRANGEIRA CONSTITUINTE DE ESPAÇO QUALIFICADO;NÃO SERIADA;2,4;;2026;;GLOBO COMUNICACAO E PARTICIPACOES S/A;27.865.757/0001-02
MARI FERNANDEZ E RAÍ SAIA RODADA - B DE BESTA;MARI FERNANDEZ E RAÍ SAIA RODADA - B DE BESTA;E2600237700000;22/07/2026;REGISTRADO;VÍDEOMUSICAL;;ESTRANGEIRA CONSTITUINTE DE ESPAÇO QUALIFICADO;NÃO SERIADA;2,2;;2026;;GLOBO COMUNICACAO E PARTICIPACOES S/A;27.865.757/0001-02
MARI FERNANDEZ PART. GRELO E NATANZINHO LIMA - SAUDADE DO CARAI;MARI FERNANDEZ PART. GRELO E NATANZINHO LIMA - SAUDADE DO CARAI;E2600051000000;23/02/2026;REGISTRADO;VÍDEOMUSICAL;;ESTRANGEIRA CONSTITUINTE DE ESPAÇO QUALIFICADO;NÃO SERIADA;2,8;;2026;;GLOBO COMUNICACAO E PARTICIPACOES S/A;27.865.757/0001-02
MARIA MERCEDES;MARIA MERCEDES;E2600096300000;26/03/2026;REGISTRADO;FICÇÃO;;ESTRANGEIRA CONSTITUINTE DE ESPAÇO QUALIFICADO;SERIADA EM TEMPORADA ÚNICA;3690;82;1992;1992;GLOBO COMUNICACAO E PARTICIPACOES S/A;27.865.757/0001-02
MARIAH CAREY - MY ALL;MARIAH CAREY - MY ALL;E2600202200000;23/06/2026;REGISTRADO;VÍDEOMUSICAL;;ESTRANGEIRA CONSTITUINTE DE ESPAÇO QUALIFICADO;NÃO SERIADA;3,8;;2026;;GLOBO COMUNICACAO E PARTICIPACOES S/A;27.865.757/0001-02
MARINA SENA PART. PSIRICO - CARNAVAL;MARINA SENA PART. PSIRICO - CARNAVAL;E2600058000000;24/02/2026;REGISTRADO;VÍDEOMUSICAL;;ESTRANGEIRA CONSTITUINTE DE ESPAÇO QUALIFICADO;NÃO SERIADA;2,7;;2026;;GLOBO COMUNICACAO E PARTICIPACOES S/A;27.865.757/0001-02
MARSUPILAMI;MARSUPILAMI – CONFUSÃO A BORDO;E2600152400000;08/05/2026;REGISTRADO;FICÇÃO;;ESTRANGEIRA CONSTITUINTE DE ESPAÇO QUALIFICADO;NÃO SERIADA;98,2;;2024;;SM DISTRIBUIDORA DE FILMES LTDA;08.257.054/0001-49
MASHA I MEDVEDI;MASHA E OS URSOS;E2600074900000;12/03/2026;REGISTRADO;ANIMAÇÃO;;ESTRANGEIRA CONSTITUINTE DE ESPAÇO QUALIFICADO;NÃO SERIADA;79;;2025;;A2 DISTRIBUIDORA DE FILMES LTDA EPP;18.338.912/0001-33
MASTERS OF THE UNIVERSE;MESTRES DO UNIVERSO;E2600035300000;05/02/2026;REGISTRADO;FICÇÃO;;ESTRANGEIRA CONSTITUINTE DE ESPAÇO QUALIFICADO;NÃO SERIADA;141,2;;2026;;COLUMBIA TRISTAR FILMES DO BRASIL LTDA;00.979.601/0001-98
MATHEUS FERNANDES PART. MENOS É MAIS - AÍ EU VOU PRA CIMA;MATHEUS FERNANDES PART. MENOS É MAIS - AÍ EU VOU PRA CIMA;E2600237800000;22/07/2026;REGISTRADO;VÍDEOMUSICAL;;ESTRANGEIRA CONSTITUINTE DE ESPAÇO QUALIFICADO;NÃO SERIADA;2,8;;2026;;GLOBO COMUNICACAO E PARTICIPACOES S/A;27.865.757/0001-02
MATHEUS TORRES - SONHO DE PAPEL;MATHEUS TORRES - SONHO DE PAPEL;E2600168200000;22/05/2026;REGISTRADO;VÍDEOMUSICAL;;ESTRANGEIRA CONSTITUINTE DE ESPAÇO QUALIFICADO;NÃO SERIADA;3,9;;2026;;GLOBO COMUNICACAO E PARTICIPACOES S/A;27.865.757/0001-02
MATLOCK S1;MATLOCK S1;E2600134200000;27/04/2026;REGISTRADO;FICÇÃO;;ESTRANGEIRA CONSTITUINTE DE ESPAÇO QUALIFICADO;SERIADA EM MÚLTIPLAS TEMPORADAS;1140;19;2024;2024;GLOBO COMUNICACAO E PARTICIPACOES S/A;27.865.757/0001-02
MATLOCK S2;;E2600134100000;27/04/2026;REGISTRADO;FICÇÃO;;ESTRANGEIRA CONSTITUINTE DE ESPAÇO QUALIFICADO;SERIADA EM MÚLTIPLAS TEMPORADAS;960;16;2025;2025;GLOBO COMUNICACAO E PARTICIPACOES S/A;27.865.757/0001-02
MC IGUINHO CT, MC MENO K, MC NEGÃO ORIGINAL, DJ DAVI DOGDOG, MC JACARÉ E AARON MODESTO - MÃE DE PET;;E2600274900000;19/08/2026;REGISTRADO;VÍDEOMUSICAL;;ESTRANGEIRA CONSTITUINTE DE ESPAÇO QUALIFICADO;NÃO SERIADA;4,6;;2026;;GLOBO COMUNICACAO E PARTICIPACOES S/A;27.865.757/0001-02
MC KEVIN O CHRIS E MC RAEL - BONDE DAS TICAS;MC KEVIN O CHRIS E MC RAEL - BONDE DAS TICAS;E2600242900000;23/07/2026;REGISTRADO;VÍDEOMUSICAL;;ESTRANGEIRA CONSTITUINTE DE ESPAÇO QUALIFICADO;NÃO SERIADA;1,4;;2026;;GLOBO COMUNICACAO E PARTICIPACOES S/A;27.865.757/0001-02
MC MARKS PART. TOKIODK - A SORTE ME ESPERA;MC MARKS PART. TOKIODK - A SORTE ME ESPERA;E2600243000000;23/07/2026;REGISTRADO;VÍDEOMUSICAL;;ESTRANGEIRA CONSTITUINTE DE ESPAÇO QUALIFICADO;NÃO SERIADA;3,4;;2026;;GLOBO COMUNICACAO E PARTICIPACOES S/A;27.865.757/0001-02
MEGHAN TRAINOR - STILL DON'T CARE;MEGHAN TRAINOR - STILL DON'T CARE;E2600058100000;24/02/2026;REGISTRADO;VÍDEOMUSICAL;;ESTRANGEIRA CONSTITUINTE DE ESPAÇO QUALIFICADO;NÃO SERIADA;3,1;;2026;;GLOBO COMUNICACAO E PARTICIPACOES S/A;27.865.757/0001-02
MENOS É MAIS - ADOREI;MENOS É MAIS - ADOREI;E2600243100000;23/07/2026;REGISTRADO;VÍDEOMUSICAL;;ESTRANGEIRA CONSTITUINTE DE ESPAÇO QUALIFICADO;NÃO SERIADA;3,0;;2020;;GLOBO COMUNICACAO E PARTICIPACOES S/A;27.865.757/0001-02
MENOS É MAIS - BRINDA AÊ;MENOS É MAIS - BRINDA AÊ;E2600050900000;23/02/2026;REGISTRADO;VÍDEOMUSICAL;;ESTRANGEIRA CONSTITUINTE DE ESPAÇO QUALIFICADO;NÃO SERIADA;3,0;;2026;;GLOBO COMUNICACAO E PARTICIPACOES S/A;27.865.757/0001-02
METRO;O NEGOCIADOR (COM: EDDIE MURPHY);E2600087500000;24/03/2026;REGISTRADO;FICÇÃO;;ESTRANGEIRA CONSTITUINTE DE ESPAÇO QUALIFICADO;NÃO SERIADA;113,1;;1997;;GLOBO COMUNICACAO E PARTICIPACOES S/A;27.865.757/0001-02
MI CHICO (OFFICIAL - JASON DERULO X MELODY);MI CHICO (OFFICIAL - JASON DERULO X MELODY);E2600217300000;07/07/2026;REGISTRADO;VÍDEOMUSICAL;;ESTRANGEIRA CONSTITUINTE DE ESPAÇO QUALIFICADO;NÃO SERIADA;2,2;;2026;;HQ MUSIC MARKETING LTDA;35.787.544/0001-20
MICHAEL;MICHAEL;E2600038000000;09/02/2026;REGISTRADO;FICÇÃO;;ESTRANGEIRA CONSTITUINTE DE ESPAÇO QUALIFICADO;NÃO SERIADA;125;;2026;;WARNER BROS. (SOUTH) INC.;33.015.827/0001-28
MICHAEL JACKSON - HUMAN NATURE;MICHAEL JACKSON - HUMAN NATURE;E2600166900000;22/05/2026;REGISTRADO;VÍDEOMUSICAL;;ESTRANGEIRA CONSTITUINTE DE ESPAÇO QUALIFICADO;NÃO SERIADA;4,3;;2026;;GLOBO COMUNICACAO E PARTICIPACOES S/A;27.865.757/0001-02
MILKY GIRL;A CONFEITEIRA;E2600248200000;28/07/2026;REGISTRADO;FICÇÃO;;ESTRANGEIRA CONSTITUINTE DE ESPAÇO QUALIFICADO;NÃO SERIADA;89;;2021;;ENCRIPTA S/A;15.182.829/0001-20
MINE;CAMPO MINADO;E2600105800000;07/04/2026;REGISTRADO;FICÇÃO;;ESTRANGEIRA CONSTITUINTE DE ESPAÇO QUALIFICADO;NÃO SERIADA;106;;2016;;RADIO E TELEVISAO RECORD S.A;60.628.369/0001-75
MINIONS & MONSTERS;MINIONS & MONSTROS;E2600038100000;09/02/2026;REGISTRADO;ANIMAÇÃO;;ESTRANGEIRA CONSTITUINTE DE ESPAÇO QUALIFICADO;NÃO SERIADA;87;;2026;;WARNER BROS. (SOUTH) INC.;33.015.827/0001-28
MIRACLE CLUB, THE;CLUBE DOS MILAGRES, O;E2600004200000;06/01/2026;REGISTRADO;FICÇÃO;;ESTRANGEIRA CONSTITUINTE DE ESPAÇO QUALIFICADO;NÃO SERIADA;90;;2023;;GLOBO COMUNICACAO E PARTICIPACOES S/A;27.865.757/0001-02
MIRRORS NO. 3;MIRRORS NO. 3;E2600224900000;13/07/2026;REGISTRADO;FICÇÃO;;ESTRANGEIRA CONSTITUINTE DE ESPAÇO QUALIFICADO;NÃO SERIADA;86;;2025;;TAG CULTURAL DISTRIBUIDORA DE FILMES LTDA;03.599.148/0001-82
MISHAL HUSAIN SHOW;MISHAL HUSAIN SHOW;E2600131200000;27/04/2026;REGISTRADO;JORNALÍSTICA;;COMUM;SERIADA DE DURAÇÃO INDETERMINADA;3600;60;2026;2026;BLOOMBERG DO BRASIL COMÉRCIO E SERVIÇOS LTDA.;74.232.679/0001-80
MISTLETOE MURDERS - SEASON 1;MISTLETOE MURDERS - SEASON 1;E2600186300000;08/06/2026;REGISTRADO;FICÇÃO;;ESTRANGEIRA CONSTITUINTE DE ESPAÇO QUALIFICADO;SERIADA EM MÚLTIPLAS TEMPORADAS;360;6;2024;2024;NBCUNIVERSAL NETWORKS INTERNATIONAL BRASIL PROGRAMADORA S/A;01.253.766/0001-40
MISTLETOE MURDERS - SEASON 2;MISTLETOE MURDERS - SEASON 2;E2600186400000;08/06/2026;REGISTRADO;FICÇÃO;;ESTRANGEIRA CONSTITUINTE DE ESPAÇO QUALIFICADO;SERIADA EM MÚLTIPLAS TEMPORADAS;360;6;2024;2024;NBCUNIVERSAL NETWORKS INTERNATIONAL BRASIL PROGRAMADORA S/A;01.253.766/0001-40
MIYAZAKI, SPIRIT OF NATURE;MIYAZAKI: ESPÍRITO DA NATUREZA;E2600192200000;15/06/2026;REGISTRADO;DOCUMENTÁRIO;;ESTRANGEIRA CONSTITUINTE DE ESPAÇO QUALIFICADO;NÃO SERIADA;80;;2024;;CURTA! PROGRAMADORA DE CANAIS DE TV LTDA;17.164.803/0001-84
MOANA;MOANA;E2600160200000;18/05/2026;REGISTRADO;FICÇÃO;;ESTRANGEIRA CONSTITUINTE DE ESPAÇO QUALIFICADO;NÃO SERIADA;75;;2026;;THE WALT DISNEY COMPANY (BRASIL) LTDA.;73.042.962/0001-87
MOTHER'S BABY;MOTHER'S BABY;E2600017300000;20/01/2026;REGISTRADO;FICÇÃO;;ESTRANGEIRA CONSTITUINTE DE ESPAÇO QUALIFICADO;NÃO SERIADA;108;;2025;;AUTORAL DISTRIBUIDORA DE FILMES LTDA;60.120.519/0001-35
MUMUZINHO - CORAÇÃO DE PEDRA;MUMUZINHO - CORAÇÃO DE PEDRA;E2600058200000;24/02/2026;REGISTRADO;VÍDEOMUSICAL;;ESTRANGEIRA CONSTITUINTE DE ESPAÇO QUALIFICADO;NÃO SERIADA;3,1;;2026;;GLOBO COMUNICACAO E PARTICIPACOES S/A;27.865.757/0001-02
MUMUZINHO - DESEJO DE AMAR / DEIXA EU TE AMAR;MUMUZINHO - DESEJO DE AMAR / DEIXA EU TE AMAR;E2600202300000;23/06/2026;REGISTRADO;VÍDEOMUSICAL;;ESTRANGEIRA CONSTITUINTE DE ESPAÇO QUALIFICADO;NÃO SERIADA;5,0;;2026;;GLOBO COMUNICACAO E PARTICIPACOES S/A;27.865.757/0001-02
MUMUZINHO - FECHADÃO COM O AMOR;MUMUZINHO - FECHADÃO COM O AMOR;E2600168100000;22/05/2026;REGISTRADO;VÍDEOMUSICAL;;ESTRANGEIRA CONSTITUINTE DE ESPAÇO QUALIFICADO;NÃO SERIADA;2,4;;2026;;GLOBO COMUNICACAO E PARTICIPACOES S/A;27.865.757/0001-02
MUMUZINHO - SOLTEIRO APAIXONADO;;E2600275000000;19/08/2026;REGISTRADO;VÍDEOMUSICAL;;ESTRANGEIRA CONSTITUINTE DE ESPAÇO QUALIFICADO;NÃO SERIADA;2,2;;2026;;GLOBO COMUNICACAO E PARTICIPACOES S/A;27.865.757/0001-02
MUTINY;CÓDIGO: VINGANÇA;E2600160300000;18/05/2026;REGISTRADO;FICÇÃO;;ESTRANGEIRA CONSTITUINTE DE ESPAÇO QUALIFICADO;NÃO SERIADA;95;;2025;;SM DISTRIBUIDORA DE FILMES LTDA;08.257.054/0001-49
MY DAUGHTER IS A ZOMBIE;MINHA FILHA É UM ZUMBI;E2600206900000;25/06/2026;REGISTRADO;FICÇÃO;;ESTRANGEIRA CONSTITUINTE DE ESPAÇO QUALIFICADO;NÃO SERIADA;114;;2025;;O2 PRODUÇÕES ARTÍSTICAS E CINEMATOGRÁFICAS LTDA.;67.431.718/0001-03
MY FATHER’S SHADOW;A SOMBRA DO MEU PAI;E2600030400000;03/02/2026;REGISTRADO;FICÇÃO;;ESTRANGEIRA CONSTITUINTE DE ESPAÇO QUALIFICADO;NÃO SERIADA;94;;2025;;MOSTRA DE CINEMA, CULTURA E EVENTOS LTDA;18.167.238/0001-71
MY LITTLE GIRL;MINHA MENINA;E2600183900000;03/06/2026;REGISTRADO;FICÇÃO;;ESTRANGEIRA CONSTITUINTE DE ESPAÇO QUALIFICADO;SERIADA EM TEMPORADA ÚNICA;4140;92;2018;2018;GLOBO COMUNICACAO E PARTICIPACOES S/A;27.865.757/0001-02
MY NEW FRIENDS;AS PESSOAS AO LADO;E2600126400000;24/04/2026;REGISTRADO;FICÇÃO;;ESTRANGEIRA CONSTITUINTE DE ESPAÇO QUALIFICADO;NÃO SERIADA;85;;2024;;TAG CULTURAL DISTRIBUIDORA DE FILMES LTDA;03.599.148/0001-82
MY WONDERFUL LIFE (SAHANE HAYATIM);MINHA VIDA PERFEITA;E2600106700000;08/04/2026;REGISTRADO;FICÇÃO;;ESTRANGEIRA CONSTITUINTE DE ESPAÇO QUALIFICADO;SERIADA EM TEMPORADA ÚNICA;4365;97;2023;2023;GLOBO COMUNICACAO E PARTICIPACOES S/A;27.865.757/0001-02
NA VANGUARDA DE MIM MESMO;NA VANGUARDA DE MIM MESMO;E2600207500000;26/06/2026;REGISTRADO;VÍDEOMUSICAL;;ESTRANGEIRA CONSTITUINTE DE ESPAÇO QUALIFICADO;NÃO SERIADA;4,0;;2026;;53.450.239 ANA PAULA BOVI VALLILO;53.450.239/0001-20
NESK ONLY PART. 2METRO - TOQUE;NESK ONLY PART. 2METRO - TOQUE;E2600243200000;23/07/2026;REGISTRADO;VÍDEOMUSICAL;;ESTRANGEIRA CONSTITUINTE DE ESPAÇO QUALIFICADO;NÃO SERIADA;2,9;;2026;;GLOBO COMUNICACAO E PARTICIPACOES S/A;27.865.757/0001-02
NEVER GOIN' BACK;SEM VOLTA;E2600277300000;20/08/2026;REGISTRADO;FICÇÃO;;ESTRANGEIRA CONSTITUINTE DE ESPAÇO QUALIFICADO;NÃO SERIADA;85;;2018;;NBCUNIVERSAL NETWORKS INTERNATIONAL BRASIL PROGRAMADORA S/A;01.253.766/0001-40
NIMRODS: A GREEN DAY COMEDY;NIMRODS: A GREEN DAY COMEDY;E2600195400000;17/06/2026;REGISTRADO;VÍDEOMUSICAL;Registro de Eventos;ESTRANGEIRA CONSTITUINTE DE ESPAÇO QUALIFICADO;NÃO SERIADA;120;;2026;;UNITED CINEMAS INTERNATIONAL BRASIL LTDA.;01.289.530/0001-64
NOSOTROS, LOS DE LA FE;A FAMÍLIA DA FÉ;E2600015800000;19/01/2026;REGISTRADO;FICÇÃO;;ESTRANGEIRA CONSTITUINTE DE ESPAÇO QUALIFICADO;NÃO SERIADA;118;;2024;;HEAVEN CONTENT LTDA;60.240.539/0001-40
NOTHING LIKE THE HOLIDAYS;NADA MELHOR QUE O NATAL;E2600155800000;13/05/2026;REGISTRADO;FICÇÃO;;ESTRANGEIRA CONSTITUINTE DE ESPAÇO QUALIFICADO;NÃO SERIADA;99;;2008;;NBCUNIVERSAL NETWORKS INTERNATIONAL BRASIL PROGRAMADORA S/A;01.253.766/0001-40
OASIS: DON´T LOOK BACK IN ANGER;OASIS: DON´T LOOK BACK IN ANGER;E2600262400000;07/08/2026;REGISTRADO;DOCUMENTÁRIO;;ESTRANGEIRA CONSTITUINTE DE ESPAÇO QUALIFICADO;NÃO SERIADA;122;;2026;;THE WALT DISNEY COMPANY (BRASIL) LTDA.;73.042.962/0001-87
OASIS: KNEBWORTH 1996;OASIS: KNEBWORTH 1996;E2600108400000;09/04/2026;REGISTRADO;DOCUMENTÁRIO;;ESTRANGEIRA CONSTITUINTE DE ESPAÇO QUALIFICADO;NÃO SERIADA;110;;2021;;GLOBO COMUNICACAO E PARTICIPACOES S/A;27.865.757/0001-02
OBSESSION;OBSESSÃO;E2600038200000;09/02/2026;REGISTRADO;FICÇÃO;;ESTRANGEIRA CONSTITUINTE DE ESPAÇO QUALIFICADO;NÃO SERIADA;108;;2025;;WARNER BROS. (SOUTH) INC.;33.015.827/0001-28
OLIVIA RODRIGO - DROP DEAD;OLIVIA RODRIGO - DROP DEAD;E2600169200000;25/05/2026;REGISTRADO;VÍDEOMUSICAL;;ESTRANGEIRA CONSTITUINTE DE ESPAÇO QUALIFICADO;NÃO SERIADA;3,7;;2026;;GLOBO COMUNICACAO E PARTICIPACOES S/A;27.865.757/0001-02
OLIVIA RODRIGO - STUPID SONG;OLIVIA RODRIGO - STUPID SONG;E2600202400000;23/06/2026;REGISTRADO;VÍDEOMUSICAL;;ESTRANGEIRA CONSTITUINTE DE ESPAÇO QUALIFICADO;NÃO SERIADA;3,5;;2026;;GLOBO COMUNICACAO E PARTICIPACOES S/A;27.865.757/0001-02
OLIVIA RODRIGO - THE CURE;OLIVIA RODRIGO - THE CURE;E2600202500000;23/06/2026;REGISTRADO;VÍDEOMUSICAL;;ESTRANGEIRA CONSTITUINTE DE ESPAÇO QUALIFICADO;NÃO SERIADA;5,2;;2026;;GLOBO COMUNICACAO E PARTICIPACOES S/A;27.865.757/0001-02
ONE NIGHT ONLY;SÓ POR UMA NOITE;E2600150600000;07/05/2026;REGISTRADO;FICÇÃO;;ESTRANGEIRA CONSTITUINTE DE ESPAÇO QUALIFICADO;NÃO SERIADA;101;;2026;;WARNER BROS. (SOUTH) INC.;33.015.827/0001-28
ONE OK ROCK DETOX JAPAN TOUR 2025 AT NISSAN STADIUM IN CINEMAS;;E2600064600000;02/03/2026;REGISTRADO;VÍDEOMUSICAL;;ESTRANGEIRA CONSTITUINTE DE ESPAÇO QUALIFICADO;NÃO SERIADA;120;;2026;;SA DISTRIBUIDORA DE CONTEÚDO AUDIOVISUAL LTDA;33.356.343/0001-42
ONE PIECE - THE MOVIE 2: THE ADVENTURE OF SPIRAL ISLAND;;E2600236700000;22/07/2026;REGISTRADO;ANIMAÇÃO;;ESTRANGEIRA CONSTITUINTE DE ESPAÇO QUALIFICADO;NÃO SERIADA;62;;2001;;SM DISTRIBUIDORA DE FILMES LTDA;08.257.054/0001-49
ONE PIECE - THE MOVIE 3: CHOPPER'S KINGDOM IN THE STRANGE ANIMAL ISLAND;;E2600236800000;22/07/2026;REGISTRADO;ANIMAÇÃO;;ESTRANGEIRA CONSTITUINTE DE ESPAÇO QUALIFICADO;NÃO SERIADA;63;;2002;;SM DISTRIBUIDORA DE FILMES LTDA;08.257.054/0001-49
ONE PIECE: THE MOVIE;ONE PIECE: O FILME;E2600236300000;22/07/2026;REGISTRADO;ANIMAÇÃO;;ESTRANGEIRA CONSTITUINTE DE ESPAÇO QUALIFICADO;NÃO SERIADA;58;;2000;;SM DISTRIBUIDORA DE FILMES LTDA;08.257.054/0001-49
ONEREPUBLIC - NEED YOUR LOVE;;E2600275100000;19/08/2026;REGISTRADO;VÍDEOMUSICAL;;ESTRANGEIRA CONSTITUINTE DE ESPAÇO QUALIFICADO;NÃO SERIADA;3,9;;2026;;GLOBO COMUNICACAO E PARTICIPACOES S/A;27.865.757/0001-02
ONSLAUGHT;PROTOCOLO DE EXTERMÍNIO;E2600246800000;28/07/2026;REGISTRADO;FICÇÃO;;ESTRANGEIRA CONSTITUINTE DE ESPAÇO QUALIFICADO;NÃO SERIADA;92;;2026;;DIAMOND FILMS DO BRASIL PRODUÇÃO E DISTRIBUIÇÃO AUDIOVISUAL LTDA.;17.095.184/0001-13
OPIEKUN;O GUARDIÃO - SOB A PROTEÇÃO DE SÃO JOSÉ;E2600044900000;18/02/2026;REGISTRADO;FICÇÃO;;ESTRANGEIRA CONSTITUINTE DE ESPAÇO QUALIFICADO;NÃO SERIADA;88;;2023;;KOLBE FILMES LTDA;60.922.058/0001-14
OS BARÕES DA PISADINHA PART. IGUINHO & LULINHA - DESCE DO CAVALO;OS BARÕES DA PISADINHA PART. IGUINHO & LULINHA - DESCE DO CAVALO;E2600058300000;24/02/2026;REGISTRADO;VÍDEOMUSICAL;;ESTRANGEIRA CONSTITUINTE DE ESPAÇO QUALIFICADO;NÃO SERIADA;2,0;;2026;;GLOBO COMUNICACAO E PARTICIPACOES S/A;27.865.757/0001-02
OS BARÕES DA PISADINHA PART. IGUINHO & LULINHA - ESCONDIDO DO SEUS PAIS;OS BARÕES DA PISADINHA PART. IGUINHO & LULINHA - ESCONDIDO DO SEUS PAIS;E2600058400000;24/02/2026;REGISTRADO;VÍDEOMUSICAL;;ESTRANGEIRA CONSTITUINTE DE ESPAÇO QUALIFICADO;NÃO SERIADA;2,7;;2026;;GLOBO COMUNICACAO E PARTICIPACOES S/A;27.865.757/0001-02
OSIRIS;OSIRIS;E2600195500000;17/06/2026;REGISTRADO;FICÇÃO;;ESTRANGEIRA CONSTITUINTE DE ESPAÇO QUALIFICADO;NÃO SERIADA;108;;2025;;GLOBO COMUNICACAO E PARTICIPACOES S/A;27.865.757/0001-02
OTHER MOMMY;OUTRA MAMÃE;E2600226100000;14/07/2026;REGISTRADO;FICÇÃO;;ESTRANGEIRA CONSTITUINTE DE ESPAÇO QUALIFICADO;NÃO SERIADA;92;;2026;;WARNER BROS. (SOUTH) INC.;33.015.827/0001-28
OUR CHRISTMAS MURAL;NOSSO MURAL DE NATAL;E2600198300000;19/06/2026;REGISTRADO;FICÇÃO;;ESTRANGEIRA CONSTITUINTE DE ESPAÇO QUALIFICADO;NÃO SERIADA;84;;2023;;GLOBO COMUNICACAO E PARTICIPACOES S/A;27.865.757/0001-02
OZZY & BLACK SABBATH: BACK TO THE BEGINNING;;E2600150700000;07/05/2026;REGISTRADO;VÍDEOMUSICAL;Registro de Eventos;ESTRANGEIRA CONSTITUINTE DE ESPAÇO QUALIFICADO;NÃO SERIADA;145;;2026;;UNITED CINEMAS INTERNATIONAL BRASIL LTDA.;01.289.530/0001-64
P!NK - RAISE YOUR GLASS;;E2600275300000;19/08/2026;REGISTRADO;VÍDEOMUSICAL;;ESTRANGEIRA CONSTITUINTE DE ESPAÇO QUALIFICADO;NÃO SERIADA;3,3;;2010;;GLOBO COMUNICACAO E PARTICIPACOES S/A;27.865.757/0001-02
PABLLO VITTAR - PRAZER, MAMÃE NOEL;PABLLO VITTAR - PRAZER, MAMÃE NOEL;E2600058500000;24/02/2026;REGISTRADO;VÍDEOMUSICAL;;ESTRANGEIRA CONSTITUINTE DE ESPAÇO QUALIFICADO;NÃO SERIADA;2,9;;2026;;GLOBO COMUNICACAO E PARTICIPACOES S/A;27.865.757/0001-02
PABLLO VITTAR PART. DUPÊ - A CEIA;PABLLO VITTAR PART. DUPÊ - A CEIA;E2600057000000;24/02/2026;REGISTRADO;VÍDEOMUSICAL;;ESTRANGEIRA CONSTITUINTE DE ESPAÇO QUALIFICADO;NÃO SERIADA;2,9;;2026;;GLOBO COMUNICACAO E PARTICIPACOES S/A;27.865.757/0001-02
PANDA - CORPO NU;PANDA - CORPO NU;E2600092200000;25/03/2026;REGISTRADO;VÍDEOMUSICAL;;ESTRANGEIRA CONSTITUINTE DE ESPAÇO QUALIFICADO;NÃO SERIADA;3,3;;2026;;GLOBO COMUNICACAO E PARTICIPACOES S/A;27.865.757/0001-02
PANDA PART. GUSTTAVO LIMA - CALCINHA DE RENDA;PANDA PART. GUSTTAVO LIMA - CALCINHA DE RENDA;E2600058600000;24/02/2026;REGISTRADO;VÍDEOMUSICAL;;ESTRANGEIRA CONSTITUINTE DE ESPAÇO QUALIFICADO;NÃO SERIADA;3,2;;2026;;GLOBO COMUNICACAO E PARTICIPACOES S/A;27.865.757/0001-02
PANDA PART. ICARO & GILMAR - GUERRA DIÁRIA;PANDA PART. ICARO & GILMAR - GUERRA DIÁRIA;E2600204400000;24/06/2026;REGISTRADO;VÍDEOMUSICAL;;ESTRANGEIRA CONSTITUINTE DE ESPAÇO QUALIFICADO;NÃO SERIADA;3,1;;2026;;GLOBO COMUNICACAO E PARTICIPACOES S/A;27.865.757/0001-02
PANDA PART. JOÃO NETO & FREDERICO - 200 REAIS;PANDA PART. JOÃO NETO & FREDERICO - 200 REAIS;E2600240300000;23/07/2026;REGISTRADO;VÍDEOMUSICAL;;ESTRANGEIRA CONSTITUINTE DE ESPAÇO QUALIFICADO;NÃO SERIADA;2,3;;2026;;GLOBO COMUNICACAO E PARTICIPACOES S/A;27.865.757/0001-02
PANDA PLAN;OPERAÇÃO PANDA – MISSÃO RESGATE;E2600169300000;25/05/2026;REGISTRADO;VARIEDADES;;ESTRANGEIRA CONSTITUINTE DE ESPAÇO QUALIFICADO;NÃO SERIADA;99;;2024;;A2 DISTRIBUIDORA DE FILMES LTDA EPP;18.338.912/0001-33
PAPEL;PAPEL;E2600204500000;24/06/2026;REGISTRADO;DOCUMENTÁRIO;;ESTRANGEIRA CONSTITUINTE DE ESPAÇO QUALIFICADO;NÃO SERIADA;8;;2021;;SERVICO SOCIAL DO COMERCIO - SESC - ADMINISTRACAO REGIONAL NO ESTADO DE SAO PAULO;03.667.884/0001-20
PAPER TIGER;;E2600270900000;18/08/2026;REGISTRADO;FICÇÃO;;ESTRANGEIRA CONSTITUINTE DE ESPAÇO QUALIFICADO;NÃO SERIADA;115;;2026;;DIAMOND FILMS DO BRASIL PRODUÇÃO E DISTRIBUIÇÃO AUDIOVISUAL LTDA.;17.095.184/0001-13
PARALLEL;;E2600269100000;17/08/2026;REGISTRADO;FICÇÃO;;ESTRANGEIRA CONSTITUINTE DE ESPAÇO QUALIFICADO;NÃO SERIADA;104;;2018;;GLOBO COMUNICACAO E PARTICIPACOES S/A;27.865.757/0001-02
PASSENGER;PASSAGEIRO DO MAL;E2600077500000;13/03/2026;REGISTRADO;FICÇÃO;;ESTRANGEIRA CONSTITUINTE DE ESPAÇO QUALIFICADO;NÃO SERIADA;93,9;;2026;;PARAMOUNT PICTURES BRASIL DISTRIBUIDORA DE FILMES LTDA;27.654.722/0001-16
PATRICK COSTA - VAI BALANÇANDO;PATRICK COSTA - VAI BALANÇANDO;E2600058800000;24/02/2026;REGISTRADO;VÍDEOMUSICAL;;ESTRANGEIRA CONSTITUINTE DE ESPAÇO QUALIFICADO;NÃO SERIADA;2,8;;2026;;GLOBO COMUNICACAO E PARTICIPACOES S/A;27.865.757/0001-02
PAULA FERNANDES - AMAR DE NOVO;PAULA FERNANDES - AMAR DE NOVO;E2600092300000;25/03/2026;REGISTRADO;VÍDEOMUSICAL;;ESTRANGEIRA CONSTITUINTE DE ESPAÇO QUALIFICADO;NÃO SERIADA;4,1;;2026;;GLOBO COMUNICACAO E PARTICIPACOES S/A;27.865.757/0001-02
PAW PATROL: THE DINO MOVIE;PATRULHA CANINA: UMA AVENTURA DINO;E2600185600000;08/06/2026;REGISTRADO;ANIMAÇÃO;;ESTRANGEIRA CONSTITUINTE DE ESPAÇO QUALIFICADO;NÃO SERIADA;88;;2026;;PARAMOUNT PICTURES BRASIL DISTRIBUIDORA DE FILMES LTDA;27.654.722/0001-16
PEDRO SAMPAIO FEAT. EL BOGUETO - G-LATINA;PEDRO SAMPAIO FEAT. EL BOGUETO - G-LATINA;E2600116500000;16/04/2026;REGISTRADO;VÍDEOMUSICAL;;ESTRANGEIRA CONSTITUINTE DE ESPAÇO QUALIFICADO;NÃO SERIADA;2,4;;2026;;GLOBO COMUNICACAO E PARTICIPACOES S/A;27.865.757/0001-02
PEDRO SAMPAIO PART. CACHIRULA E LOOJAN - TÍMIDA, SANTA Y PELIGROSA;;E2600275200000;19/08/2026;REGISTRADO;VÍDEOMUSICAL;;ESTRANGEIRA CONSTITUINTE DE ESPAÇO QUALIFICADO;NÃO SERIADA;2,1;;2026;;GLOBO COMUNICACAO E PARTICIPACOES S/A;27.865.757/0001-02
PEDRO SAMPAIO PART. IRMÃS DE PAU, MC GW, TASHA KAIALA E CLEMENTAUM - SEQUÊNCIA CUNT;PEDRO SAMPAIO PART. IRMÃS DE PAU, MC GW, TASHA KAIALA E CLEMENTAUM - SEQUÊNCIA CUNT;E2600058900000;24/02/2026;REGISTRADO;VÍDEOMUSICAL;;ESTRANGEIRA CONSTITUINTE DE ESPAÇO QUALIFICADO;NÃO SERIADA;2,1;;2026;;GLOBO COMUNICACAO E PARTICIPACOES S/A;27.865.757/0001-02
PEDRO SAMPAIO PART. MELODY E MC MENO K - JETSKI;PEDRO SAMPAIO PART. MELODY E MC MENO K - JETSKI;E2600059000000;24/02/2026;REGISTRADO;VÍDEOMUSICAL;;ESTRANGEIRA CONSTITUINTE DE ESPAÇO QUALIFICADO;NÃO SERIADA;2,4;;2026;;GLOBO COMUNICACAO E PARTICIPACOES S/A;27.865.757/0001-02
PIENSO EN TI;PIENSO EM TI;E2600073100000;10/03/2026;REGISTRADO;FICÇÃO;;ESTRANGEIRA CONSTITUINTE DE ESPAÇO QUALIFICADO;SERIADA DE DURAÇÃO INDETERMINADA;3375;75;2023;2023;GLOBO COMUNICACAO E PARTICIPACOES S/A;27.865.757/0001-02
PILLION;PILLION;E2600008600000;12/01/2026;REGISTRADO;FICÇÃO;;ESTRANGEIRA CONSTITUINTE DE ESPAÇO QUALIFICADO;NÃO SERIADA;107;;2025;;DIAMOND FILMS DO BRASIL PRODUÇÃO E DISTRIBUIÇÃO AUDIOVISUAL LTDA.;17.095.184/0001-13
PINK FLOYD: LIVE AT POMPEII;PINK FLOYD: LIVE AT POMPEII;E2600108500000;09/04/2026;REGISTRADO;DOCUMENTÁRIO;;ESTRANGEIRA CONSTITUINTE DE ESPAÇO QUALIFICADO;NÃO SERIADA;80;;1972;;GLOBO COMUNICACAO E PARTICIPACOES S/A;27.865.757/0001-02
PINKPANTHERESS FEAT. ZARA LARSSON - STATESIDE;PINKPANTHERESS FEAT. ZARA LARSSON - STATESIDE;E2600169400000;25/05/2026;REGISTRADO;VÍDEOMUSICAL;;ESTRANGEIRA CONSTITUINTE DE ESPAÇO QUALIFICADO;NÃO SERIADA;3,2;;2026;;GLOBO COMUNICACAO E PARTICIPACOES S/A;27.865.757/0001-02
PINOCCHIO;PINÓQUIO;E2600040900000;10/02/2026;REGISTRADO;ANIMAÇÃO;;ESTRANGEIRA CONSTITUINTE DE ESPAÇO QUALIFICADO;NÃO SERIADA;102;;2026;;SM DISTRIBUIDORA DE FILMES LTDA;08.257.054/0001-49
PINOCCHIO: UNSTRUNG;PINÓQUIO: MALDIÇÃO DE MADEIRA;E2600264800000;11/08/2026;REGISTRADO;FICÇÃO;;ESTRANGEIRA CONSTITUINTE DE ESPAÇO QUALIFICADO;NÃO SERIADA;80;;2026;;A2 DISTRIBUIDORA DE FILMES LTDA EPP;18.338.912/0001-33
POSTHUMAN;POSTHUMAN;E2600131000000;27/04/2026;REGISTRADO;JORNALÍSTICA;;COMUM;SERIADA DE DURAÇÃO INDETERMINADA;1080;12;2026;2026;BLOOMBERG DO BRASIL COMÉRCIO E SERVIÇOS LTDA.;74.232.679/0001-80
POWER BALLAD;HIT PARA DOIS;E2600078200000;16/03/2026;REGISTRADO;FICÇÃO;;ESTRANGEIRA CONSTITUINTE DE ESPAÇO QUALIFICADO;NÃO SERIADA;98;;2026;;DIAMOND FILMS DO BRASIL PRODUÇÃO E DISTRIBUIÇÃO AUDIOVISUAL LTDA.;17.095.184/0001-13
POWER PLAYERS;POWER PLAYERS;E2600131100000;27/04/2026;REGISTRADO;JORNALÍSTICA;;COMUM;SERIADA DE DURAÇÃO INDETERMINADA;900;30;2026;2026;BLOOMBERG DO BRASIL COMÉRCIO E SERVIÇOS LTDA.;74.232.679/0001-80
POWER TO THE PEOPLE: JOHN & YOKO LIVE IN NYC;POWER TO THE PEOPLE: JOHN & YOKO LIVE IN NYC;E2600080400000;17/03/2026;REGISTRADO;VÍDEOMUSICAL;Registro de Eventos;ESTRANGEIRA CONSTITUINTE DE ESPAÇO QUALIFICADO;NÃO SERIADA;81;;2024;;UNITED CINEMAS INTERNATIONAL BRASIL LTDA.;01.289.530/0001-64
PRACTICAL MAGIC;DA MAGIA À SEDUÇÃO;E2600192800000;16/06/2026;REGISTRADO;FICÇÃO;;ESTRANGEIRA CONSTITUINTE DE ESPAÇO QUALIFICADO;NÃO SERIADA;104;;1998;;GLOBO COMUNICACAO E PARTICIPACOES S/A;27.865.757/0001-02
PRACTICAL MAGIC 2;DA MAGIA À SEDUÇÃO: FEITIÇO DE AMOR;E2600226200000;14/07/2026;REGISTRADO;FICÇÃO;;ESTRANGEIRA CONSTITUINTE DE ESPAÇO QUALIFICADO;NÃO SERIADA;126;;2026;;WARNER BROS. (SOUTH) INC.;33.015.827/0001-28
PRESSURE;PRESSÃO;E2600151100000;07/05/2026;REGISTRADO;FICÇÃO;;ESTRANGEIRA CONSTITUINTE DE ESPAÇO QUALIFICADO;NÃO SERIADA;101;;2026;;WARNER BROS. (SOUTH) INC.;33.015.827/0001-28
PRIMAVERA;PRIMAVERA;E2600006900000;09/01/2026;REGISTRADO;FICÇÃO;;ESTRANGEIRA CONSTITUINTE DE ESPAÇO QUALIFICADO;NÃO SERIADA;110;;2025;;WMIX DISTRIBUIDORA LTDA.;03.918.609/0001-32
PROSECUTOR, THE;PROMOTOR, O;E2600037700000;09/02/2026;REGISTRADO;FICÇÃO;;ESTRANGEIRA CONSTITUINTE DE ESPAÇO QUALIFICADO;NÃO SERIADA;117;;2024;;GLOBO COMUNICACAO E PARTICIPACOES S/A;27.865.757/0001-02
PROTECTOR;VINGADORA;E2600005200000;07/01/2026;REGISTRADO;FICÇÃO;;ESTRANGEIRA CONSTITUINTE DE ESPAÇO QUALIFICADO;NÃO SERIADA;92;;2025;;WMIX DISTRIBUIDORA LTDA.;03.918.609/0001-32
PSYCHIC FEVER FROM EXILE TRIBE - SWISH DAT;PSYCHIC FEVER FROM EXILE TRIBE - SWISH DAT;E2600056900000;24/02/2026;REGISTRADO;VÍDEOMUSICAL;;ESTRANGEIRA CONSTITUINTE DE ESPAÇO QUALIFICADO;NÃO SERIADA;3,1;;2026;;GLOBO COMUNICACAO E PARTICIPACOES S/A;27.865.757/0001-02
QUARTO DO PÂNICO;QUARTO DO PÂNICO;E2600016800000;20/01/2026;REGISTRADO;FICÇÃO;;ESTRANGEIRA CONSTITUINTE DE ESPAÇO QUALIFICADO;NÃO SERIADA;98;;2025;;GLOBO COMUNICACAO E PARTICIPACOES S/A;27.865.757/0001-02
QUEEN BUDAPEST;;E2600204600000;24/06/2026;REGISTRADO;VÍDEOMUSICAL;;ESTRANGEIRA CONSTITUINTE DE ESPAÇO QUALIFICADO;NÃO SERIADA;92;;2026;;UNITED CINEMAS INTERNATIONAL BRASIL LTDA.;01.289.530/0001-64
QUEENS OF THE DEAD;QUEENS OF THE DEAD;E2600028100000;30/01/2026;REGISTRADO;FICÇÃO;;ESTRANGEIRA CONSTITUINTE DE ESPAÇO QUALIFICADO;NÃO SERIADA;101;;2025;;TAG CULTURAL DISTRIBUIDORA DE FILMES LTDA;03.599.148/0001-82
QUITTER LA NUIT;AQUELA NOITE;E2600032400000;04/02/2026;REGISTRADO;FICÇÃO;;ESTRANGEIRA CONSTITUINTE DE ESPAÇO QUALIFICADO;NÃO SERIADA;108;;2023;;TAG CULTURAL DISTRIBUIDORA DE FILMES LTDA;03.599.148/0001-82
RAINMAKER - SEASON 1, THE;RAINMAKER - SEASON 1, THE;E2600189000000;10/06/2026;REGISTRADO;FICÇÃO;;ESTRANGEIRA CONSTITUINTE DE ESPAÇO QUALIFICADO;SERIADA EM MÚLTIPLAS TEMPORADAS;600;10;2025;2025;NBCUNIVERSAL NETWORKS INTERNATIONAL BRASIL PROGRAMADORA S/A;01.253.766/0001-40
RAPHAELA SANTOS - PARAÍSO PERMANENTE;;E2600275400000;19/08/2026;REGISTRADO;VÍDEOMUSICAL;;ESTRANGEIRA CONSTITUINTE DE ESPAÇO QUALIFICADO;NÃO SERIADA;2,8;;2026;;GLOBO COMUNICACAO E PARTICIPACOES S/A;27.865.757/0001-02
RAPHAELA SANTOS - RASGA MINHA ROUPA;RAPHAELA SANTOS - RASGA MINHA ROUPA;E2600116600000;16/04/2026;REGISTRADO;VÍDEOMUSICAL;;ESTRANGEIRA CONSTITUINTE DE ESPAÇO QUALIFICADO;NÃO SERIADA;2,8;;2026;;GLOBO COMUNICACAO E PARTICIPACOES S/A;27.865.757/0001-02
RAPHAELA SANTOS PART. DIEGO & VICTOR HUGO - OH SE EU QUISESSE;RAPHAELA SANTOS PART. DIEGO & VICTOR HUGO - OH SE EU QUISESSE;E2600204700000;24/06/2026;REGISTRADO;VÍDEOMUSICAL;;ESTRANGEIRA CONSTITUINTE DE ESPAÇO QUALIFICADO;NÃO SERIADA;2,7;;2026;;GLOBO COMUNICACAO E PARTICIPACOES S/A;27.865.757/0001-02
RAPHAELA SANTOS PART. LUDMILLA - IMPOSSÍVEL;RAPHAELA SANTOS PART. LUDMILLA - IMPOSSÍVEL;E2600092400000;25/03/2026;REGISTRADO;VÍDEOMUSICAL;;ESTRANGEIRA CONSTITUINTE DE ESPAÇO QUALIFICADO;NÃO SERIADA;2,9;;2026;;GLOBO COMUNICACAO E PARTICIPACOES S/A;27.865.757/0001-02
RASHÔMON;RASHOMON;E2600062600000;27/02/2026;REGISTRADO;FICÇÃO;;ESTRANGEIRA CONSTITUINTE DE ESPAÇO QUALIFICADO;NÃO SERIADA;88;;1950;;NEWCO PROGRAMADORA E PRODUTORA DE COMUNICACAO LTDA.;04.334.366/0001-58
RAYE FEAT. HANS ZIMMER - CLICK CLACK SYMPHONY;RAYE FEAT. HANS ZIMMER - CLICK CLACK SYMPHONY;E2600243300000;23/07/2026;REGISTRADO;VÍDEOMUSICAL;;ESTRANGEIRA CONSTITUINTE DE ESPAÇO QUALIFICADO;NÃO SERIADA;5,1;;2026;;GLOBO COMUNICACAO E PARTICIPACOES S/A;27.865.757/0001-02
RBD - SER O PARECER;RBD - SER O PARECER;E2600169500000;25/05/2026;REGISTRADO;VÍDEOMUSICAL;;ESTRANGEIRA CONSTITUINTE DE ESPAÇO QUALIFICADO;NÃO SERIADA;3,5;;2026;;GLOBO COMUNICACAO E PARTICIPACOES S/A;27.865.757/0001-02
READY OR NOT 2: HERE I COME;CASAMENTO SANGRENTO: A VIÚVA;E2600030300000;03/02/2026;REGISTRADO;FICÇÃO;;ESTRANGEIRA CONSTITUINTE DE ESPAÇO QUALIFICADO;NÃO SERIADA;104;;2026;;THE WALT DISNEY COMPANY (BRASIL) LTDA.;73.042.962/0001-87
REASON FOR THE SEASON, A;O VERDADEIRO SENTIDO DO NATAL;E2600198400000;19/06/2026;REGISTRADO;FICÇÃO;;ESTRANGEIRA CONSTITUINTE DE ESPAÇO QUALIFICADO;NÃO SERIADA;84;;2024;;GLOBO COMUNICACAO E PARTICIPACOES S/A;27.865.757/0001-02
REBOUND;REBOUND: UMA NOVA CHANCE;E2600002200000;05/01/2026;REGISTRADO;FICÇÃO;;ESTRANGEIRA CONSTITUINTE DE ESPAÇO QUALIFICADO;NÃO SERIADA;122;;2023;;SA DISTRIBUIDORA DE CONTEÚDO AUDIOVISUAL LTDA;33.356.343/0001-42
REBUILDING;DEPOIS DO FOGO;E2600025900000;28/01/2026;REGISTRADO;FICÇÃO;;ESTRANGEIRA CONSTITUINTE DE ESPAÇO QUALIFICADO;NÃO SERIADA;96;;2025;;SYNAPSE BRAZIL LICENCIAMENTO DE DIREITOS AUDIOVISUAIS LTDA;02.185.369/0001-41
RED HOT CHILI PEPPERS - CAN'T STOP;RED HOT CHILI PEPPERS - CAN'T STOP;E2600204800000;24/06/2026;REGISTRADO;VÍDEOMUSICAL;;ESTRANGEIRA CONSTITUINTE DE ESPAÇO QUALIFICADO;NÃO SERIADA;4,6;;2026;;GLOBO COMUNICACAO E PARTICIPACOES S/A;27.865.757/0001-02
REGALO DE AMOR;PRESENTE DE AMOR;E2600012000000;14/01/2026;REGISTRADO;FICÇÃO;;ESTRANGEIRA CONSTITUINTE DE ESPAÇO QUALIFICADO;SERIADA EM TEMPORADA ÚNICA;6000;100;2024;2024;TVSBT CANAL 4 DE SAO PAULO S/A;45.039.237/0001-14
REGARDE;OLHE O MAR;E2600134000000;27/04/2026;REGISTRADO;FICÇÃO;;ESTRANGEIRA CONSTITUINTE DE ESPAÇO QUALIFICADO;NÃO SERIADA;91;;2025;;AUTORAL DISTRIBUIDORA DE FILMES LTDA;60.120.519/0001-35
REGGAETON: THE SOUND THAT CONQUERED THE WORLD;REGGAETON: THE SOUND THAT CONQUERED THE WORLD;E2600253300000;30/07/2026;REGISTRADO;VÍDEOMUSICAL;;ESTRANGEIRA CONSTITUINTE DE ESPAÇO QUALIFICADO;SERIADA EM TEMPORADA ÚNICA;180;4;2024;2024;GLOBO COMUNICACAO E PARTICIPACOES S/A;27.865.757/0001-02
REMAKING THE MIDDLE EAST: THE U.S., ISRAEL VS IRAN;;E2600087100000;23/03/2026;REGISTRADO;DOCUMENTÁRIO;;ESTRANGEIRA CONSTITUINTE DE ESPAÇO QUALIFICADO;NÃO SERIADA;114;;2026;;CURTA! PROGRAMADORA DE CANAIS DE TV LTDA;17.164.803/0001-84
RESCUING CHRISTMAS;RESGATANDO O ESPÍRITO DE NATAL;E2600198500000;19/06/2026;REGISTRADO;FICÇÃO;;ESTRANGEIRA CONSTITUINTE DE ESPAÇO QUALIFICADO;NÃO SERIADA;98;;2023;;GLOBO COMUNICACAO E PARTICIPACOES S/A;27.865.757/0001-02
RESIDENT EVIL;RESIDENT EVIL;E2600182900000;02/06/2026;REGISTRADO;FICÇÃO;;ESTRANGEIRA CONSTITUINTE DE ESPAÇO QUALIFICADO;NÃO SERIADA;90;;2026;;COLUMBIA TRISTAR FILMES DO BRASIL LTDA;00.979.601/0001-98
RICKY MARTIN FEAT. LUAN SANTANA - ESTRANHO;RICKY MARTIN FEAT. LUAN SANTANA - ESTRANHO;E2600240400000;23/07/2026;REGISTRADO;VÍDEOMUSICAL;;ESTRANGEIRA CONSTITUINTE DE ESPAÇO QUALIFICADO;NÃO SERIADA;3,5;;2026;;GLOBO COMUNICACAO E PARTICIPACOES S/A;27.865.757/0001-02
ROBERTO ROSSELLINI, PIÙ DI UNA VITA;ROBERTO ROSSELINI, MAIS QUE UMA VIDA;E2600024300000;27/01/2026;REGISTRADO;DOCUMENTÁRIO;;ESTRANGEIRA CONSTITUINTE DE ESPAÇO QUALIFICADO;NÃO SERIADA;96;;2025;;PROVIDENCE DISTRIBUIDORA DE FILMES LTDA;08.656.129/0001-64
ROBOTI ANIYA;;E2600083900000;19/03/2026;REGISTRADO;FICÇÃO;;ESTRANGEIRA CONSTITUINTE DE ESPAÇO QUALIFICADO;SERIADA EM TEMPORADA ÚNICA;1040;16;2017;2017;PLAYTV TELEVISÃO LTDA;07.121.705/0001-06
ROCK DOG 2;ROCK DOG: UMA ESTRELA RENASCE;E2600198600000;19/06/2026;REGISTRADO;FICÇÃO;;ESTRANGEIRA CONSTITUINTE DE ESPAÇO QUALIFICADO;NÃO SERIADA;90;;2021;;GLOBO COMUNICACAO E PARTICIPACOES S/A;27.865.757/0001-02
ROGER WATERS: THIS IS NOT A DRILL - LIVE FROM PRAGUE;ROGER WATERS: THIS IS NOT A DRILL - LIVE FROM PRAGUE;E2600108600000;09/04/2026;REGISTRADO;DOCUMENTÁRIO;;ESTRANGEIRA CONSTITUINTE DE ESPAÇO QUALIFICADO;NÃO SERIADA;145;;2023;;GLOBO COMUNICACAO E PARTICIPACOES S/A;27.865.757/0001-02
ROLLING STONES - IN THE STARS, THE;ROLLING STONES - IN THE STARS, THE;E2600202600000;23/06/2026;REGISTRADO;VÍDEOMUSICAL;;ESTRANGEIRA CONSTITUINTE DE ESPAÇO QUALIFICADO;NÃO SERIADA;4,3;;2026;;GLOBO COMUNICACAO E PARTICIPACOES S/A;27.865.757/0001-02
ROMEO AND JULIET (AKA: WILLIAM SHAKESPEARE...;;E2600087600000;24/03/2026;REGISTRADO;FICÇÃO;;ESTRANGEIRA CONSTITUINTE DE ESPAÇO QUALIFICADO;NÃO SERIADA;112,8;;1996;;GLOBO COMUNICACAO E PARTICIPACOES S/A;27.865.757/0001-02
ROSALÍA - SAUVIGNON BLANC;ROSALÍA - SAUVIGNON BLANC;E2600092500000;25/03/2026;REGISTRADO;VÍDEOMUSICAL;;ESTRANGEIRA CONSTITUINTE DE ESPAÇO QUALIFICADO;NÃO SERIADA;2,7;;2026;;GLOBO COMUNICACAO E PARTICIPACOES S/A;27.865.757/0001-02
ROSALÍA FEAT. YAHRITZA Y SU ESENCIA - LA PERLA;ROSALÍA FEAT. YAHRITZA Y SU ESENCIA - LA PERLA;E2600056800000;24/02/2026;REGISTRADO;VÍDEOMUSICAL;;ESTRANGEIRA CONSTITUINTE DE ESPAÇO QUALIFICADO;NÃO SERIADA;3,4;;2026;;GLOBO COMUNICACAO E PARTICIPACOES S/A;27.865.757/0001-02
RUE CASES NEGRES;RUE CASES NEGRES;E2600190700000;11/06/2026;REGISTRADO;FICÇÃO;;ESTRANGEIRA CONSTITUINTE DE ESPAÇO QUALIFICADO;NÃO SERIADA;103;;1983;;MOSTRA DE CINEMA, CULTURA E EVENTOS LTDA;18.167.238/0001-71
RUNNER;TRÊS HORAS PARA VIVER;E2600152500000;08/05/2026;REGISTRADO;FICÇÃO;;ESTRANGEIRA CONSTITUINTE DE ESPAÇO QUALIFICADO;NÃO SERIADA;99,5;;2026;;DIAMOND FILMS DO BRASIL PRODUÇÃO E DISTRIBUIÇÃO AUDIOVISUAL LTDA.;17.095.184/0001-13
RUNNING ON SAND;CORRENDO PELA VIDA;E2600171900000;26/05/2026;REGISTRADO;FICÇÃO;;ESTRANGEIRA CONSTITUINTE DE ESPAÇO QUALIFICADO;NÃO SERIADA;104;;2023;;ENCRIPTA S/A;15.182.829/0001-20
RYE LANE;RYE LANE: UM AMOR INESPERADO;E2600087700000;24/03/2026;REGISTRADO;FICÇÃO;;ESTRANGEIRA CONSTITUINTE DE ESPAÇO QUALIFICADO;NÃO SERIADA;82;;2023;;GLOBO COMUNICACAO E PARTICIPACOES S/A;27.865.757/0001-02
SABRINA CARPENTER - HOUSE TOUR;SABRINA CARPENTER - HOUSE TOUR;E2600117400000;16/04/2026;REGISTRADO;VÍDEOMUSICAL;;ESTRANGEIRA CONSTITUINTE DE ESPAÇO QUALIFICADO;NÃO SERIADA;3,6;;2026;;GLOBO COMUNICACAO E PARTICIPACOES S/A;27.865.757/0001-02
SACCHARINE;INSACIÁVEL;E2600127600000;24/04/2026;REGISTRADO;FICÇÃO;;ESTRANGEIRA CONSTITUINTE DE ESPAÇO QUALIFICADO;NÃO SERIADA;112;;2026;;DIAMOND FILMS DO BRASIL PRODUÇÃO E DISTRIBUIÇÃO AUDIOVISUAL LTDA.;17.095.184/0001-13
SACRIFICE;SACRIFÍCIO;E2600138000000;28/04/2026;REGISTRADO;FICÇÃO;;ESTRANGEIRA CONSTITUINTE DE ESPAÇO QUALIFICADO;NÃO SERIADA;103;;2025;;DIAMOND FILMS DO BRASIL PRODUÇÃO E DISTRIBUIÇÃO AUDIOVISUAL LTDA.;17.095.184/0001-13
SACRÉ-CŒUR;SAGRADO CORAÇÃO - SEU REINO NÃO TERÁ FIM;E2600214900000;06/07/2026;REGISTRADO;DOCUMENTÁRIO;;ESTRANGEIRA CONSTITUINTE DE ESPAÇO QUALIFICADO;NÃO SERIADA;95;;2025;;AM DE MORAIS PRODUCOES E EVENTOS;13.489.036/0001-22
SAFETY LAST!;O HOMEM MOSCA;E2600009700000;13/01/2026;REGISTRADO;FICÇÃO;;ESTRANGEIRA CONSTITUINTE DE ESPAÇO QUALIFICADO;NÃO SERIADA;74;;1923;;GLOBO COMUNICACAO E PARTICIPACOES S/A;27.865.757/0001-02
SALEM;SALEM;E2600071100000;09/03/2026;REGISTRADO;FICÇÃO;;ESTRANGEIRA CONSTITUINTE DE ESPAÇO QUALIFICADO;NÃO SERIADA;103;;2023;;TAG CULTURAL DISTRIBUIDORA DE FILMES LTDA;03.599.148/0001-82
SALVATION;SALVAÇÃO;E2600154500000;12/05/2026;REGISTRADO;FICÇÃO;;ESTRANGEIRA CONSTITUINTE DE ESPAÇO QUALIFICADO;NÃO SERIADA;117;;2026;;PROVIDENCE DISTRIBUIDORA DE FILMES LTDA;08.656.129/0001-64
SAM SMITH - MY GUY;SAM SMITH - MY GUY;E2600243500000;23/07/2026;REGISTRADO;VÍDEOMUSICAL;;ESTRANGEIRA CONSTITUINTE DE ESPAÇO QUALIFICADO;NÃO SERIADA;3,6;;2026;;GLOBO COMUNICACAO E PARTICIPACOES S/A;27.865.757/0001-02
SAMI RICO PART. ZEZÉ DI CAMARGO - ESTRADA DA VIDA;SAMI RICO PART. ZEZÉ DI CAMARGO - ESTRADA DA VIDA;E2600202700000;23/06/2026;REGISTRADO;VÍDEOMUSICAL;;ESTRANGEIRA CONSTITUINTE DE ESPAÇO QUALIFICADO;NÃO SERIADA;3,3;;2026;;GLOBO COMUNICACAO E PARTICIPACOES S/A;27.865.757/0001-02
SANDIK KOKUSU;CORAÇÃO DE MÃE;E2600028700000;02/02/2026;REGISTRADO;FICÇÃO;;ESTRANGEIRA CONSTITUINTE DE ESPAÇO QUALIFICADO;SERIADA EM MÚLTIPLAS TEMPORADAS;7245;161;2023;2024;RADIO E TELEVISAO RECORD S.A;60.628.369/0001-75
SANDRO DIAS AND THE WORLD'S BIGGEST SKATE RAMP;;E2600269200000;17/08/2026;REGISTRADO;DOCUMENTÁRIO;;ESTRANGEIRA CONSTITUINTE DE ESPAÇO QUALIFICADO;NÃO SERIADA;94;;2026;;GLOBO COMUNICACAO E PARTICIPACOES S/A;27.865.757/0001-02
SANT PART. L7NNON E MC MARECHAL - MEIO;SANT PART. L7NNON E MC MARECHAL - MEIO;E2600050800000;23/02/2026;REGISTRADO;VÍDEOMUSICAL;;ESTRANGEIRA CONSTITUINTE DE ESPAÇO QUALIFICADO;NÃO SERIADA;2,7;;2026;;GLOBO COMUNICACAO E PARTICIPACOES S/A;27.865.757/0001-02
SAUDADES DO RIO DOCE;SAUDADES DO RIO DOCE;E2600012500000;14/01/2026;REGISTRADO;DOCUMENTÁRIO;;ESTRANGEIRA CONSTITUINTE DE ESPAÇO QUALIFICADO;NÃO SERIADA;72;;2024;;SERVICO SOCIAL DO COMERCIO - SESC - ADMINISTRACAO REGIONAL NO ESTADO DE SAO PAULO;03.667.884/0001-20
SAW 9 FKA SPIRAL (2021);ESPIRAL: O LEGADO DE JOGOS MORTAIS;E2600230900000;16/07/2026;REGISTRADO;FICÇÃO;;ESTRANGEIRA CONSTITUINTE DE ESPAÇO QUALIFICADO;NÃO SERIADA;93;;2008;;GLOBO COMUNICACAO E PARTICIPACOES S/A;27.865.757/0001-02
SCARY MOVIE;TODO MUNDO EM PÂNICO;E2600139100000;29/04/2026;REGISTRADO;FICÇÃO;;ESTRANGEIRA CONSTITUINTE DE ESPAÇO QUALIFICADO;NÃO SERIADA;96;;2026;;PARAMOUNT PICTURES BRASIL DISTRIBUIDORA DE FILMES LTDA;27.654.722/0001-16
SCHOOL FOR SCOUNDRELS;ESCOLA DE IDIOTAS;E2600022800000;26/01/2026;REGISTRADO;FICÇÃO;;ESTRANGEIRA CONSTITUINTE DE ESPAÇO QUALIFICADO;NÃO SERIADA;101;;2006;;NBCUNIVERSAL NETWORKS INTERNATIONAL BRASIL PROGRAMADORA S/A;01.253.766/0001-40
SCREAM 7;PÂNICO 7;E2600004300000;06/01/2026;REGISTRADO;FICÇÃO;;ESTRANGEIRA CONSTITUINTE DE ESPAÇO QUALIFICADO;NÃO SERIADA;114;;2026;;PARAMOUNT PICTURES BRASIL DISTRIBUIDORA DE FILMES LTDA;27.654.722/0001-16
SECRETS OF THE ENCHANTED FOREST;;E2600196400000;18/06/2026;REGISTRADO;DOCUMENTÁRIO;;ESTRANGEIRA CONSTITUINTE DE ESPAÇO QUALIFICADO;SERIADA EM TEMPORADA ÚNICA;360;6;2023;2023;EMPRESA BRASIL DE COMUNICACAO S.A. - EBC;09.168.704/0001-42
SEND HELP;SOCORRO!;E2600002100000;05/01/2026;REGISTRADO;FICÇÃO;;ESTRANGEIRA CONSTITUINTE DE ESPAÇO QUALIFICADO;NÃO SERIADA;113;;2026;;THE WALT DISNEY COMPANY (BRASIL) LTDA.;73.042.962/0001-87
SENSE AND SENSIBILITY;RAZÃO E SENSIBILIDADE;E2600226300000;14/07/2026;REGISTRADO;FICÇÃO;;ESTRANGEIRA CONSTITUINTE DE ESPAÇO QUALIFICADO;NÃO SERIADA;132;;2026;;WARNER BROS. (SOUTH) INC.;33.015.827/0001-28
SHABOOZEY - BORN TO DIE;SHABOOZEY - BORN TO DIE;E2600210200000;30/06/2026;REGISTRADO;VÍDEOMUSICAL;;ESTRANGEIRA CONSTITUINTE DE ESPAÇO QUALIFICADO;NÃO SERIADA;2,8;;2026;;HQ MUSIC MARKETING LTDA;35.787.544/0001-20
SHABOOZEY - BURN IT DOWN (FT. LEON BRIDGES);SHABOOZEY - BURN IT DOWN (FT. LEON BRIDGES);E2600255500000;03/08/2026;REGISTRADO;VÍDEOMUSICAL;;ESTRANGEIRA CONSTITUINTE DE ESPAÇO QUALIFICADO;NÃO SERIADA;3,8;;2026;;HQ MUSIC MARKETING LTDA;35.787.544/0001-20
SHABOOZEY - COWGIRL;SHABOOZEY - COWGIRL;E2600210300000;30/06/2026;REGISTRADO;VÍDEOMUSICAL;;ESTRANGEIRA CONSTITUINTE DE ESPAÇO QUALIFICADO;NÃO SERIADA;3,8;;2026;;HQ MUSIC MARKETING LTDA;35.787.544/0001-20
SHAKIRA - WAKA WAKA - THIS TIME FOR AFRICA;SHAKIRA - WAKA WAKA - THIS TIME FOR AFRICA;E2600092900000;25/03/2026;REGISTRADO;VÍDEOMUSICAL;;ESTRANGEIRA CONSTITUINTE DE ESPAÇO QUALIFICADO;NÃO SERIADA;3,5;;2010;;GLOBO COMUNICACAO E PARTICIPACOES S/A;27.865.757/0001-02
SHAKIRA FEAT. ALEJANDRO SANZ - LA TORTURA;SHAKIRA FEAT. ALEJANDRO SANZ - LA TORTURA;E2600167000000;22/05/2026;REGISTRADO;VÍDEOMUSICAL;;ESTRANGEIRA CONSTITUINTE DE ESPAÇO QUALIFICADO;NÃO SERIADA;3,7;;2026;;GLOBO COMUNICACAO E PARTICIPACOES S/A;27.865.757/0001-02
SHAKIRA FEAT. BEÉLE - ALGO TÚ;SHAKIRA FEAT. BEÉLE - ALGO TÚ;E2600167100000;22/05/2026;REGISTRADO;VÍDEOMUSICAL;;ESTRANGEIRA CONSTITUINTE DE ESPAÇO QUALIFICADO;NÃO SERIADA;3,6;;2026;;GLOBO COMUNICACAO E PARTICIPACOES S/A;27.865.757/0001-02
SHAKIRA FEAT. BURNA BOY - DAI DAI;SHAKIRA FEAT. BURNA BOY - DAI DAI;E2600203800000;23/06/2026;REGISTRADO;VÍDEOMUSICAL;;ESTRANGEIRA CONSTITUINTE DE ESPAÇO QUALIFICADO;NÃO SERIADA;4,0;;2026;;GLOBO COMUNICACAO E PARTICIPACOES S/A;27.865.757/0001-02
SHAKIRA FEAT. CARLINHOS BROWN - LA LA LA;SHAKIRA FEAT. CARLINHOS BROWN - LA LA LA;E2600093000000;25/03/2026;REGISTRADO;VÍDEOMUSICAL;;ESTRANGEIRA CONSTITUINTE DE ESPAÇO QUALIFICADO;NÃO SERIADA;3,2;;2014;;GLOBO COMUNICACAO E PARTICIPACOES S/A;27.865.757/0001-02
SHAKIRA FEAT. EL CATA - LOCA;SHAKIRA FEAT. EL CATA - LOCA;E2600093100000;25/03/2026;REGISTRADO;VÍDEOMUSICAL;;ESTRANGEIRA CONSTITUINTE DE ESPAÇO QUALIFICADO;NÃO SERIADA;3,4;;2010;;GLOBO COMUNICACAO E PARTICIPACOES S/A;27.865.757/0001-02
SHAKIRA FEAT. WYCLEF JEAN - HIPS DON'T LIE;SHAKIRA FEAT. WYCLEF JEAN - HIPS DON'T LIE;E2600093200000;25/03/2026;REGISTRADO;VÍDEOMUSICAL;;ESTRANGEIRA CONSTITUINTE DE ESPAÇO QUALIFICADO;NÃO SERIADA;3,6;;2006;;GLOBO COMUNICACAO E PARTICIPACOES S/A;27.865.757/0001-02
SHAKIRA IN CONCERT: EL DORADO WORLD TOUR;SHAKIRA IN CONCERT: EL DORADO WORLD TOUR;E2600105900000;07/04/2026;REGISTRADO;DOCUMENTÁRIO;;ESTRANGEIRA CONSTITUINTE DE ESPAÇO QUALIFICADO;NÃO SERIADA;122;;2019;;GLOBO COMUNICACAO E PARTICIPACOES S/A;27.865.757/0001-02
SIA: NOSTALGIC FOR THE PRESENT;SIA: NOSTALGIC FOR THE PRESENT;E2600189200000;10/06/2026;REGISTRADO;VÍDEOMUSICAL;;ESTRANGEIRA CONSTITUINTE DE ESPAÇO QUALIFICADO;NÃO SERIADA;75;;2026;;UNITED CINEMAS INTERNATIONAL BRASIL LTDA.;01.289.530/0001-64
SIMONE MENDES - AMOR NO ESCURO;SIMONE MENDES - AMOR NO ESCURO;E2600056700000;24/02/2026;REGISTRADO;VÍDEOMUSICAL;;ESTRANGEIRA CONSTITUINTE DE ESPAÇO QUALIFICADO;NÃO SERIADA;2,9;;2026;;GLOBO COMUNICACAO E PARTICIPACOES S/A;27.865.757/0001-02
SIX JOURS, CE PRINTEMPS-LÁ;SEIS DIAS NAQUELA PRIMAVERA;E2600021500000;25/01/2026;REGISTRADO;FICÇÃO;;ESTRANGEIRA CONSTITUINTE DE ESPAÇO QUALIFICADO;NÃO SERIADA;94;;2025;;ZETA FILMES LTDA;02.469.679/0001-98
SOMBR - 12 TO 12;SOMBR - 12 TO 12;E2600169900000;25/05/2026;REGISTRADO;VÍDEOMUSICAL;;ESTRANGEIRA CONSTITUINTE DE ESPAÇO QUALIFICADO;NÃO SERIADA;3,8;;2026;;GLOBO COMUNICACAO E PARTICIPACOES S/A;27.865.757/0001-02
SOMBR - BACK TO FRIENDS;SOMBR - BACK TO FRIENDS;E2600169600000;25/05/2026;REGISTRADO;VÍDEOMUSICAL;;ESTRANGEIRA CONSTITUINTE DE ESPAÇO QUALIFICADO;NÃO SERIADA;3,3;;2026;;GLOBO COMUNICACAO E PARTICIPACOES S/A;27.865.757/0001-02
SOMBR - HOMEWRECKER;SOMBR - HOMEWRECKER;E2600169700000;25/05/2026;REGISTRADO;VÍDEOMUSICAL;;ESTRANGEIRA CONSTITUINTE DE ESPAÇO QUALIFICADO;NÃO SERIADA;3,8;;2026;;GLOBO COMUNICACAO E PARTICIPACOES S/A;27.865.757/0001-02
SOMBR - POTENTIAL;SOMBR - POTENTIAL;E2600169800000;25/05/2026;REGISTRADO;VÍDEOMUSICAL;;ESTRANGEIRA CONSTITUINTE DE ESPAÇO QUALIFICADO;NÃO SERIADA;4,0;;2026;;GLOBO COMUNICACAO E PARTICIPACOES S/A;27.865.757/0001-02
SORDA;SURDA;E2600098200000;30/03/2026;REGISTRADO;FICÇÃO;;ESTRANGEIRA CONSTITUINTE DE ESPAÇO QUALIFICADO;NÃO SERIADA;99;;2025;;RETRATO FILMES LTDA;31.296.141/0001-27
SOROS;SOROS;E2600226400000;14/07/2026;REGISTRADO;DOCUMENTÁRIO;;ESTRANGEIRA CONSTITUINTE DE ESPAÇO QUALIFICADO;NÃO SERIADA;85;;2019;;O2 PRODUÇÕES ARTÍSTICAS E CINEMATOGRÁFICAS LTDA.;67.431.718/0001-03
SORRISO MAROTO PART. ALEXANDRE PIRES - MÁGICA;SORRISO MAROTO PART. ALEXANDRE PIRES - MÁGICA;E2600056600000;24/02/2026;REGISTRADO;VÍDEOMUSICAL;;ESTRANGEIRA CONSTITUINTE DE ESPAÇO QUALIFICADO;NÃO SERIADA;3,3;;2026;;GLOBO COMUNICACAO E PARTICIPACOES S/A;27.865.757/0001-02
SORRISO MAROTO PART. FERRUGEM E GRUPO BENZADEUS - PERDAS E DANOS;SORRISO MAROTO PART. FERRUGEM E GRUPO BENZADEUS - PERDAS E DANOS;E2600204100000;23/06/2026;REGISTRADO;VÍDEOMUSICAL;;ESTRANGEIRA CONSTITUINTE DE ESPAÇO QUALIFICADO;NÃO SERIADA;3,1;;2026;;GLOBO COMUNICACAO E PARTICIPACOES S/A;27.865.757/0001-02
SORRISO MAROTO PART. LUDMILLA E KAMISA 10 - NÃO MEREÇO SER AMANTE;;E2600275500000;19/08/2026;REGISTRADO;VÍDEOMUSICAL;;ESTRANGEIRA CONSTITUINTE DE ESPAÇO QUALIFICADO;NÃO SERIADA;3,3;;2026;;GLOBO COMUNICACAO E PARTICIPACOES S/A;27.865.757/0001-02
SPA WEEKEND;AMIGAS SEM FILTRO;E2600207200000;25/06/2026;REGISTRADO;FICÇÃO;;ESTRANGEIRA CONSTITUINTE DE ESPAÇO QUALIFICADO;NÃO SERIADA;97;;2026;;DIAMOND FILMS DO BRASIL PRODUÇÃO E DISTRIBUIÇÃO AUDIOVISUAL LTDA.;17.095.184/0001-13
SPACE CHIMPS;SPACE CHIMPS - MICOS NO ESPAÇO;E2600155900000;13/05/2026;REGISTRADO;FICÇÃO;;ESTRANGEIRA CONSTITUINTE DE ESPAÇO QUALIFICADO;NÃO SERIADA;81;;2008;;NBCUNIVERSAL NETWORKS INTERNATIONAL BRASIL PROGRAMADORA S/A;01.253.766/0001-40
SPERMAGEDDON;ESPERMAGEDOM;E2600005300000;07/01/2026;REGISTRADO;ANIMAÇÃO;;ESTRANGEIRA CONSTITUINTE DE ESPAÇO QUALIFICADO;NÃO SERIADA;80;;2024;;CLUBE FILMES LTDA;46.401.439/0001-27
SPIDER-MAN: BRAND NEW DAY;HOMEM-ARANHA: UM NOVO DIA;E2600041000000;10/02/2026;REGISTRADO;FICÇÃO;;ESTRANGEIRA CONSTITUINTE DE ESPAÇO QUALIFICADO;NÃO SERIADA;145,6;;2026;;COLUMBIA TRISTAR FILMES DO BRASIL LTDA;00.979.601/0001-98
SPIRIT RIDING FREE;;E2600277400000;20/08/2026;REGISTRADO;ANIMAÇÃO;;ESTRANGEIRA CONSTITUINTE DE ESPAÇO QUALIFICADO;SERIADA EM MÚLTIPLAS TEMPORADAS;2340;78;2017;2019;GLOBO COMUNICACAO E PARTICIPACOES S/A;27.865.757/0001-02
STATE OF THE UNION;STATE OF THE UNION;E2600130900000;27/04/2026;REGISTRADO;JORNALÍSTICA;;COMUM;SERIADA DE DURAÇÃO INDETERMINADA;2160;36;2026;2026;BLOOMBERG DO BRASIL COMÉRCIO E SERVIÇOS LTDA.;74.232.679/0001-80
STING – EVER EVOLVING;STING: A MÚSICA EM CONSTANTE EVOLUÇÃO;E2600247900000;28/07/2026;REGISTRADO;DOCUMENTÁRIO;;ESTRANGEIRA CONSTITUINTE DE ESPAÇO QUALIFICADO;NÃO SERIADA;48;;2024;;CURTA! PROGRAMADORA DE CANAIS DE TV LTDA;17.164.803/0001-84
STREET FIGHTER;STREET FIGHTER;E2600270100000;18/08/2026;REGISTRADO;FICÇÃO;;ESTRANGEIRA CONSTITUINTE DE ESPAÇO QUALIFICADO;NÃO SERIADA;110;;2026;;PARAMOUNT PICTURES BRASIL DISTRIBUIDORA DE FILMES LTDA;27.654.722/0001-16
SULLIVAN'S CROSSING;SULLIVAN'S CROSSING - UM LUGAR PARA RECOMEÇAR;E2600033200000;04/02/2026;REGISTRADO;FICÇÃO;;ESTRANGEIRA CONSTITUINTE DE ESPAÇO QUALIFICADO;SERIADA EM MÚLTIPLAS TEMPORADAS;1350;30;2023;2025;GLOBO COMUNICACAO E PARTICIPACOES S/A;27.865.757/0001-02
SUPER CHARLIE;SUPER-CHARLIE;E2600204900000;24/06/2026;REGISTRADO;ANIMAÇÃO;;ESTRANGEIRA CONSTITUINTE DE ESPAÇO QUALIFICADO;NÃO SERIADA;82;;2024;;CLUBE FILMES LTDA;46.401.439/0001-27
SUPERGIRL;SUPERGIRL;E2600151200000;07/05/2026;REGISTRADO;FICÇÃO;;ESTRANGEIRA CONSTITUINTE DE ESPAÇO QUALIFICADO;NÃO SERIADA;108;;2026;;WARNER BROS. (SOUTH) INC.;33.015.827/0001-28
SUPERINTELLIGENCE;SUPERINTELIGÊNCIA;E2600195600000;17/06/2026;REGISTRADO;FICÇÃO;;ESTRANGEIRA CONSTITUINTE DE ESPAÇO QUALIFICADO;NÃO SERIADA;106;;2020;;GLOBO COMUNICACAO E PARTICIPACOES S/A;27.865.757/0001-02
SUSPIRIA;SUSPIRIA;E2600094500000;26/03/2026;REGISTRADO;FICÇÃO;;ESTRANGEIRA CONSTITUINTE DE ESPAÇO QUALIFICADO;NÃO SERIADA;99;;1977;;F. J. CINES LTDA;61.574.109/0001-27
TADEO JONES Y LA LÁMPARA MARAVILLOSA;AS AVENTURAS DE TADEO E A LÂMPADA MÁGICA;E2600271000000;18/08/2026;REGISTRADO;ANIMAÇÃO;;ESTRANGEIRA CONSTITUINTE DE ESPAÇO QUALIFICADO;NÃO SERIADA;95;;2026;;PARAMOUNT PICTURES BRASIL DISTRIBUIDORA DE FILMES LTDA;27.654.722/0001-16
TATAMI;TATAME;E2600045400000;19/02/2026;REGISTRADO;FICÇÃO;;ESTRANGEIRA CONSTITUINTE DE ESPAÇO QUALIFICADO;NÃO SERIADA;105;;2023;;KAJA FILMES LTDA;57.302.423/0001-83
TAYLOR SWIFT - OPALITE;TAYLOR SWIFT - OPALITE;E2600092600000;25/03/2026;REGISTRADO;VÍDEOMUSICAL;;ESTRANGEIRA CONSTITUINTE DE ESPAÇO QUALIFICADO;NÃO SERIADA;4,0;;2026;;GLOBO COMUNICACAO E PARTICIPACOES S/A;27.865.757/0001-02
TEASER RENO ROMEU;TEASER RENO ROMEU;E2600217400000;07/07/2026;REGISTRADO;DOCUMENTÁRIO;;ESTRANGEIRA CONSTITUINTE DE ESPAÇO QUALIFICADO;NÃO SERIADA;6,5;;2026;;GLOBO COMUNICACAO E PARTICIPACOES S/A;27.865.757/0001-02
TEEN TITANS GO! 9;JOVENS TITÃS EM AÇÃO! 9;E2600033900000;04/02/2026;REGISTRADO;ANIMAÇÃO;;ESTRANGEIRA CONSTITUINTE DE ESPAÇO QUALIFICADO;SERIADA EM TEMPORADA ÚNICA;572;52;2023;2023;TVSBT CANAL 4 DE SAO PAULO S/A;45.039.237/0001-14
TEENAGE SEX AND DEATH AT CAMP MIASMA;ACAMPAMENTO MIASMA: ADOLESCÊNCIA, SEXO E MORTE;E2600178600000;28/05/2026;REGISTRADO;FICÇÃO;;ESTRANGEIRA CONSTITUINTE DE ESPAÇO QUALIFICADO;NÃO SERIADA;106;;2026;;RETRATO FILMES LTDA;31.296.141/0001-27
TERRA DE CHUVA;TERRA DE CHUVA;E2600088800000;24/03/2026;REGISTRADO;DOCUMENTÁRIO;;ESTRANGEIRA CONSTITUINTE DE ESPAÇO QUALIFICADO;NÃO SERIADA;14,9;;2024;;FUNDAÇÃO ROBERTO MARINHO;29.527.413/0001-00
THAT TIME I GOT REINCARNATED AS A SLIME THE MOVIE: TEARS OF THE AZURE SEA;THAT TIME I GOT REINCARNATED AS A SLIME – O FILME: LÁGRIMAS DO MAR AZUL-CELESTE;E2600069100000;05/03/2026;REGISTRADO;ANIMAÇÃO;;ESTRANGEIRA CONSTITUINTE DE ESPAÇO QUALIFICADO;NÃO SERIADA;104,8;;2026;;COLUMBIA TRISTAR FILMES DO BRASIL LTDA;00.979.601/0001-98
THE AMAZING DIGITAL CIRCUS: THE LAST ACT;THE AMAZING DIGITAL CIRCUS: O ÚLTIMO ATO;E2600115600000;16/04/2026;REGISTRADO;ANIMAÇÃO;;ESTRANGEIRA CONSTITUINTE DE ESPAÇO QUALIFICADO;NÃO SERIADA;93;;2026;;CINEMARK BRASIL S.A;00.779.721/0001-41
THE BEAT BOMB;;E2600279500000;21/08/2026;REGISTRADO;DOCUMENTÁRIO;;ESTRANGEIRA CONSTITUINTE DE ESPAÇO QUALIFICADO;NÃO SERIADA;83;;2022;;P & M DISTRIBUIDORA DE FILMES LTDA;22.910.081/0001-08
THE BEST THING;O MELHOR DE TUDO;E2600259700000;06/08/2026;REGISTRADO;FICÇÃO;;ESTRANGEIRA CONSTITUINTE DE ESPAÇO QUALIFICADO;SERIADA EM TEMPORADA ÚNICA;1260;28;2024;2024;TV OMEGA LTDA.;02.131.538/0001-60
THE CAT IN THE HAT;O GATOLA DA CARTOLA;E2600226500000;14/07/2026;REGISTRADO;ANIMAÇÃO;;ESTRANGEIRA CONSTITUINTE DE ESPAÇO QUALIFICADO;NÃO SERIADA;91;;2026;;WARNER BROS. (SOUTH) INC.;33.015.827/0001-28
THE CHINA SHOW;THE CHINA SHOW;E2600130800000;27/04/2026;REGISTRADO;JORNALÍSTICA;;COMUM;SERIADA DE DURAÇÃO INDETERMINADA;43800;365;2026;2026;BLOOMBERG DO BRASIL COMÉRCIO E SERVIÇOS LTDA.;74.232.679/0001-80
THE CIRCUIT;THE CIRCUIT;E2600130500000;27/04/2026;REGISTRADO;JORNALÍSTICA;;COMUM;SERIADA DE DURAÇÃO INDETERMINADA;720;24;2026;2026;BLOOMBERG DO BRASIL COMÉRCIO E SERVIÇOS LTDA.;74.232.679/0001-80
THE DAVID RUBENSTEIN SHOW: PEER TO PEER CONVERSATIONS;THE DAVID RUBENSTEIN SHOW: PEER TO PEER CONVERSATIONS;E2600129800000;27/04/2026;REGISTRADO;JORNALÍSTICA;;COMUM;SERIADA DE DURAÇÃO INDETERMINADA;3600;60;2026;2026;BLOOMBERG DO BRASIL COMÉRCIO E SERVIÇOS LTDA.;74.232.679/0001-80
THE DEAL;THE DEAL;E2600129700000;27/04/2026;REGISTRADO;JORNALÍSTICA;;COMUM;SERIADA DE DURAÇÃO INDETERMINADA;21900;365;2026;2026;BLOOMBERG DO BRASIL COMÉRCIO E SERVIÇOS LTDA.;74.232.679/0001-80
THE DEATH OF ROBIN HOOD;A MORTE DE ROBIN HOOD;E2600011800000;14/01/2026;REGISTRADO;FICÇÃO;;ESTRANGEIRA CONSTITUINTE DE ESPAÇO QUALIFICADO;NÃO SERIADA;122;;2026;;WMIX DISTRIBUIDORA LTDA.;03.918.609/0001-32
THE DEBUT;;E2600245600000;27/07/2026;REGISTRADO;FICÇÃO;;ESTRANGEIRA CONSTITUINTE DE ESPAÇO QUALIFICADO;NÃO SERIADA;105;;2026;;WMIX DISTRIBUIDORA LTDA.;03.918.609/0001-32
THE DEVIL WEARS PRADA 2;O DIABO VESTE PRADA 2;E2600030000000;03/02/2026;REGISTRADO;FICÇÃO;;ESTRANGEIRA CONSTITUINTE DE ESPAÇO QUALIFICADO;NÃO SERIADA;80;;2026;;THE WALT DISNEY COMPANY (BRASIL) LTDA.;73.042.962/0001-87
THE DOG STARS;PONTO SEM RETORNO;E2600160400000;18/05/2026;REGISTRADO;FICÇÃO;;ESTRANGEIRA CONSTITUINTE DE ESPAÇO QUALIFICADO;NÃO SERIADA;118,3;;2026;;THE WALT DISNEY COMPANY (BRASIL) LTDA.;73.042.962/0001-87
THE DRAMA;O DRAMA;E2600022200000;26/01/2026;REGISTRADO;FICÇÃO;;ESTRANGEIRA CONSTITUINTE DE ESPAÇO QUALIFICADO;NÃO SERIADA;105;;2026;;DIAMOND FILMS DO BRASIL PRODUÇÃO E DISTRIBUIÇÃO AUDIOVISUAL LTDA.;17.095.184/0001-13
THE DUEL;O DUELO;E2600160900000;18/05/2026;REGISTRADO;FICÇÃO;;ESTRANGEIRA CONSTITUINTE DE ESPAÇO QUALIFICADO;NÃO SERIADA;110;;2016;;RADIO E TELEVISAO BANDEIRANTES S.A.;60.509.239/0001-13
THE EMERGING WOMAN;A NOVA MULHER;E2600042100000;11/02/2026;REGISTRADO;DOCUMENTÁRIO;;ESTRANGEIRA CONSTITUINTE DE ESPAÇO QUALIFICADO;NÃO SERIADA;40;;1974;;RADIANTE FILMES LTDA;02.376.263/0001-25
THE END OF OAK STREET;O FIM DA RUA;E2600151300000;07/05/2026;REGISTRADO;FICÇÃO;;ESTRANGEIRA CONSTITUINTE DE ESPAÇO QUALIFICADO;NÃO SERIADA;100;;2026;;WARNER BROS. (SOUTH) INC.;33.015.827/0001-28
THE GREAT ARCH;O GRANDE ARCO DE PARIS;E2600247000000;28/07/2026;REGISTRADO;FICÇÃO;;ESTRANGEIRA CONSTITUINTE DE ESPAÇO QUALIFICADO;NÃO SERIADA;107;;2025;;TAG CULTURAL DISTRIBUIDORA DE FILMES LTDA;03.599.148/0001-82
THE GREAT SONGWRITERS 2;OS GRANDES COMPOSITORES 2;E2600264000000;10/08/2026;REGISTRADO;DOCUMENTÁRIO;;ESTRANGEIRA CONSTITUINTE DE ESPAÇO QUALIFICADO;SERIADA DE DURAÇÃO INDETERMINADA;360;6;2017;2017;GLOBO COMUNICACAO E PARTICIPACOES S/A;27.865.757/0001-02
THE INVITE;O CONVITE;E2600164200000;20/05/2026;REGISTRADO;FICÇÃO;;ESTRANGEIRA CONSTITUINTE DE ESPAÇO QUALIFICADO;NÃO SERIADA;107;;2026;;O2 PRODUÇÕES ARTÍSTICAS E CINEMATOGRÁFICAS LTDA.;67.431.718/0001-03
THE ISLANDERS;BELADONA;E2600144800000;04/05/2026;REGISTRADO;FICÇÃO;;ESTRANGEIRA CONSTITUINTE DE ESPAÇO QUALIFICADO;NÃO SERIADA;91;;2025;;TAG CULTURAL DISTRIBUIDORA DE FILMES LTDA;03.599.148/0001-82
THE LIFE APART;A VIDA À PARTE;E2600146600000;05/05/2026;REGISTRADO;FICÇÃO;;ESTRANGEIRA CONSTITUINTE DE ESPAÇO QUALIFICADO;NÃO SERIADA;100;;2024;;TAG CULTURAL DISTRIBUIDORA DE FILMES LTDA;03.599.148/0001-82
THE MANDALORIAN & GROGU;O MANDALORIANO E GROGU;E2600060900000;26/02/2026;REGISTRADO;FICÇÃO;;ESTRANGEIRA CONSTITUINTE DE ESPAÇO QUALIFICADO;NÃO SERIADA;121;;2026;;THE WALT DISNEY COMPANY (BRASIL) LTDA.;73.042.962/0001-87
THE MOMENT;THE MOMENT;E2600007000000;09/01/2026;REGISTRADO;DOCUMENTÁRIO;;ESTRANGEIRA CONSTITUINTE DE ESPAÇO QUALIFICADO;NÃO SERIADA;103;;2026;;WMIX DISTRIBUIDORA LTDA.;03.918.609/0001-32
THE MORTUARY ASSISTANT;THE MORTUARY ASSISTANT;E2600025300000;28/01/2026;REGISTRADO;FICÇÃO;;ESTRANGEIRA CONSTITUINTE DE ESPAÇO QUALIFICADO;NÃO SERIADA;91;;2026;;A2 DISTRIBUIDORA DE FILMES LTDA EPP;18.338.912/0001-33
THE ODYSSEY;A ODISSEIA;E2600038300000;09/02/2026;REGISTRADO;FICÇÃO;;ESTRANGEIRA CONSTITUINTE DE ESPAÇO QUALIFICADO;NÃO SERIADA;172;;2026;;WARNER BROS. (SOUTH) INC.;33.015.827/0001-28
THE PRESIDENT'S CAKE;O BOLO DO PRESIDENTE;E2600138100000;28/04/2026;REGISTRADO;FICÇÃO;;ESTRANGEIRA CONSTITUINTE DE ESPAÇO QUALIFICADO;NÃO SERIADA;105;;2025;;KAJA FILMES LTDA;57.302.423/0001-83
THE PULSE;THE PULSE;E2600129600000;27/04/2026;REGISTRADO;JORNALÍSTICA;;COMUM;SERIADA DE DURAÇÃO INDETERMINADA;21900;365;2026;2026;BLOOMBERG DO BRASIL COMÉRCIO E SERVIÇOS LTDA.;74.232.679/0001-80
THE ROSE: COME BACK TO ME;THE ROSE: COME BACK TO ME;E2600006300000;08/01/2026;REGISTRADO;DOCUMENTÁRIO;;ESTRANGEIRA CONSTITUINTE DE ESPAÇO QUALIFICADO;NÃO SERIADA;97;;2026;;SA DISTRIBUIDORA DE CONTEÚDO AUDIOVISUAL LTDA;33.356.343/0001-42
THE SCRIPT - MAN IN THE ARENA;;E2600275600000;19/08/2026;REGISTRADO;VÍDEOMUSICAL;;ESTRANGEIRA CONSTITUINTE DE ESPAÇO QUALIFICADO;NÃO SERIADA;3,3;;2026;;GLOBO COMUNICACAO E PARTICIPACOES S/A;27.865.757/0001-02
THE SCRIPT - THE CROWD WAS SINGING WONDERWALL;;E2600275700000;19/08/2026;REGISTRADO;VÍDEOMUSICAL;;ESTRANGEIRA CONSTITUINTE DE ESPAÇO QUALIFICADO;NÃO SERIADA;3,9;;2026;;GLOBO COMUNICACAO E PARTICIPACOES S/A;27.865.757/0001-02
THE SHEEP DETECTIVES;AS OVELHAS DETETIVES;E2600029100000;02/02/2026;REGISTRADO;FICÇÃO;;ESTRANGEIRA CONSTITUINTE DE ESPAÇO QUALIFICADO;NÃO SERIADA;109,3;;2026;;COLUMBIA TRISTAR FILMES DO BRASIL LTDA;00.979.601/0001-98
THE SLEEPER – THE LOST CARAVAGGIO;O CARAVAGGIO PERDIDO;E2600045800000;19/02/2026;REGISTRADO;FICÇÃO;;ESTRANGEIRA CONSTITUINTE DE ESPAÇO QUALIFICADO;NÃO SERIADA;78;;2025;;PROVIDENCE DISTRIBUIDORA DE FILMES LTDA;08.656.129/0001-64
THE SOCIAL RECKONING;O OUTRO LADO DAS REDES;E2600257800000;05/08/2026;REGISTRADO;FICÇÃO;;ESTRANGEIRA CONSTITUINTE DE ESPAÇO QUALIFICADO;NÃO SERIADA;90;;2026;;COLUMBIA TRISTAR FILMES DO BRASIL LTDA;00.979.601/0001-98
THE STRANGERS: CHAPTER 3;OS ESTRANHOS: CAPÍTULO FINAL;E2600037200000;09/02/2026;REGISTRADO;FICÇÃO;;ESTRANGEIRA CONSTITUINTE DE ESPAÇO QUALIFICADO;NÃO SERIADA;91,1;;2025;;SM DISTRIBUIDORA DE FILMES LTDA;08.257.054/0001-49
THE SUN RISES ON US ALL;O SOL NASCE PARA TODOS;E2600152700000;08/05/2026;REGISTRADO;FICÇÃO;;ESTRANGEIRA CONSTITUINTE DE ESPAÇO QUALIFICADO;NÃO SERIADA;133;;2025;;SYNAPSE BRAZIL LICENCIAMENTO DE DIREITOS AUDIOVISUAIS LTDA;02.185.369/0001-41
THE SUPER MARIO GALAXY MOVIE;SUPER MARIO GALAXY: O FILME;E2600038400000;09/02/2026;REGISTRADO;ANIMAÇÃO;;ESTRANGEIRA CONSTITUINTE DE ESPAÇO QUALIFICADO;NÃO SERIADA;99;;2026;;WARNER BROS. (SOUTH) INC.;33.015.827/0001-28
THE TAKING OF PELHAM 123;O SEQUESTRO DO METRÔ 1 2 3;E2600164600000;21/05/2026;REGISTRADO;FICÇÃO;;ESTRANGEIRA CONSTITUINTE DE ESPAÇO QUALIFICADO;NÃO SERIADA;106;;2009;;TVSBT CANAL 4 DE SAO PAULO S/A;45.039.237/0001-14
THE TESTAMENT OF ANN LEE;O TESTAMENTO DE ANN LEE;E2600038500000;09/02/2026;REGISTRADO;FICÇÃO;;ESTRANGEIRA CONSTITUINTE DE ESPAÇO QUALIFICADO;NÃO SERIADA;137;;2025;;THE WALT DISNEY COMPANY (BRASIL) LTDA.;73.042.962/0001-87
THE TUNER;O AFINADOR;E2600097700000;30/03/2026;REGISTRADO;FICÇÃO;;ESTRANGEIRA CONSTITUINTE DE ESPAÇO QUALIFICADO;NÃO SERIADA;109;;2025;;SM DISTRIBUIDORA DE FILMES LTDA;08.257.054/0001-49
THE VETO: THE SINGLE GREATEST THREAT TO GLOBAL PEACE & SECURITY;O PODER DE VETO: AMEAÇA À PAZ MUNDIAL;E2600192300000;15/06/2026;REGISTRADO;DOCUMENTÁRIO;;ESTRANGEIRA CONSTITUINTE DE ESPAÇO QUALIFICADO;NÃO SERIADA;58;;2024;;CURTA! PROGRAMADORA DE CANAIS DE TV LTDA;17.164.803/0001-84
THE WIZARD OF THE KREMLIN;O MAGO DO KREMLIN;E2600034900000;05/02/2026;REGISTRADO;FICÇÃO;;ESTRANGEIRA CONSTITUINTE DE ESPAÇO QUALIFICADO;NÃO SERIADA;152;;2025;;WMIX DISTRIBUIDORA LTDA.;03.918.609/0001-32
THIAGUINHO - AINDA BEM;THIAGUINHO - AINDA BEM;E2600242000000;23/07/2026;REGISTRADO;VÍDEOMUSICAL;;ESTRANGEIRA CONSTITUINTE DE ESPAÇO QUALIFICADO;NÃO SERIADA;3,5;;2012;;GLOBO COMUNICACAO E PARTICIPACOES S/A;27.865.757/0001-02
THIAGUINHO - PENSAMENTOS INTRUSIVOS;THIAGUINHO - PENSAMENTOS INTRUSIVOS;E2600117500000;16/04/2026;REGISTRADO;VÍDEOMUSICAL;;ESTRANGEIRA CONSTITUINTE DE ESPAÇO QUALIFICADO;NÃO SERIADA;3,2;;2026;;GLOBO COMUNICACAO E PARTICIPACOES S/A;27.865.757/0001-02
TIAGO IORC PART. IZA - ALEXANDRIA;TIAGO IORC PART. IZA - ALEXANDRIA;E2600116700000;16/04/2026;REGISTRADO;VÍDEOMUSICAL;;ESTRANGEIRA CONSTITUINTE DE ESPAÇO QUALIFICADO;NÃO SERIADA;3,7;;2026;;GLOBO COMUNICACAO E PARTICIPACOES S/A;27.865.757/0001-02
TIAGO IORC PART. LAUANA PRADO - CATAFLOR;TIAGO IORC PART. LAUANA PRADO - CATAFLOR;E2600117600000;16/04/2026;REGISTRADO;VÍDEOMUSICAL;;ESTRANGEIRA CONSTITUINTE DE ESPAÇO QUALIFICADO;NÃO SERIADA;3,4;;2026;;GLOBO COMUNICACAO E PARTICIPACOES S/A;27.865.757/0001-02
TIAGO IORC PART. MARINA SENA - DE TODAS AS COISAS;TIAGO IORC PART. MARINA SENA - DE TODAS AS COISAS;E2600117700000;16/04/2026;REGISTRADO;VÍDEOMUSICAL;;ESTRANGEIRA CONSTITUINTE DE ESPAÇO QUALIFICADO;NÃO SERIADA;2,8;;2026;;GLOBO COMUNICACAO E PARTICIPACOES S/A;27.865.757/0001-02
TIAGO IORC PART. MENOS É MAIS - AMEI TE VER;TIAGO IORC PART. MENOS É MAIS - AMEI TE VER;E2600119700000;17/04/2026;REGISTRADO;VÍDEOMUSICAL;;ESTRANGEIRA CONSTITUINTE DE ESPAÇO QUALIFICADO;NÃO SERIADA;3,7;;2026;;GLOBO COMUNICACAO E PARTICIPACOES S/A;27.865.757/0001-02
TIAGO IORC PART. MUNDO BITA - COISA LINDA;TIAGO IORC PART. MUNDO BITA - COISA LINDA;E2600119800000;17/04/2026;REGISTRADO;VÍDEOMUSICAL;;ESTRANGEIRA CONSTITUINTE DE ESPAÇO QUALIFICADO;NÃO SERIADA;3,0;;2026;;GLOBO COMUNICACAO E PARTICIPACOES S/A;27.865.757/0001-02
TIEE - EU LEMBRO DE TUDO;TIEE - EU LEMBRO DE TUDO;E2600237900000;22/07/2026;REGISTRADO;VÍDEOMUSICAL;;ESTRANGEIRA CONSTITUINTE DE ESPAÇO QUALIFICADO;NÃO SERIADA;2,5;;2026;;GLOBO COMUNICACAO E PARTICIPACOES S/A;27.865.757/0001-02
TIEE - MEUS HERÓIS;TIEE - MEUS HERÓIS;E2600050700000;23/02/2026;REGISTRADO;VÍDEOMUSICAL;;ESTRANGEIRA CONSTITUINTE DE ESPAÇO QUALIFICADO;NÃO SERIADA;3,7;;2026;;GLOBO COMUNICACAO E PARTICIPACOES S/A;27.865.757/0001-02
TITO - BESTA DEMAIS;TITO - BESTA DEMAIS;E2600055000000;24/02/2026;REGISTRADO;VÍDEOMUSICAL;;ESTRANGEIRA CONSTITUINTE DE ESPAÇO QUALIFICADO;NÃO SERIADA;2,4;;2026;;GLOBO COMUNICACAO E PARTICIPACOES S/A;27.865.757/0001-02
TITO - FORRÓ É FORRÓ;TITO - FORRÓ É FORRÓ;E2600240600000;23/07/2026;REGISTRADO;VÍDEOMUSICAL;;ESTRANGEIRA CONSTITUINTE DE ESPAÇO QUALIFICADO;NÃO SERIADA;2,7;;2026;;GLOBO COMUNICACAO E PARTICIPACOES S/A;27.865.757/0001-02
TO THE WONDER;;E2600159500000;15/05/2026;REGISTRADO;FICÇÃO;;ESTRANGEIRA CONSTITUINTE DE ESPAÇO QUALIFICADO;SERIADA EM TEMPORADA ÚNICA;360;8;2024;2024;EMPRESA BRASIL DE COMUNICACAO S.A. - EBC;09.168.704/0001-42
TOKIODK PART. LUCCHINI E TERRORDOSBEATS - DISCURSO DO GRAMMY;TOKIODK PART. LUCCHINI E TERRORDOSBEATS - DISCURSO DO GRAMMY;E2600117800000;16/04/2026;REGISTRADO;VÍDEOMUSICAL;;ESTRANGEIRA CONSTITUINTE DE ESPAÇO QUALIFICADO;NÃO SERIADA;3,4;;2026;;GLOBO COMUNICACAO E PARTICIPACOES S/A;27.865.757/0001-02
TOY STORY 5;TOY STORY 5;E2600061000000;26/02/2026;REGISTRADO;ANIMAÇÃO;;ESTRANGEIRA CONSTITUINTE DE ESPAÇO QUALIFICADO;NÃO SERIADA;100;;2026;;THE WALT DISNEY COMPANY (BRASIL) LTDA.;73.042.962/0001-87
TRAIN DREAMS;SONHOS DE TREM;E2600029400000;02/02/2026;REGISTRADO;FICÇÃO;;ESTRANGEIRA CONSTITUINTE DE ESPAÇO QUALIFICADO;NÃO SERIADA;102;;2025;;O2 PRODUÇÕES ARTÍSTICAS E CINEMATOGRÁFICAS LTDA.;67.431.718/0001-03
TRANCE THERAPY - A NEW HEALING TECHINIQUE?;TERAPIA DE TRANSE - UMA NOVA TÉCNICA DE CURA?;E2600124200000;22/04/2026;REGISTRADO;DOCUMENTÁRIO;;ESTRANGEIRA CONSTITUINTE DE ESPAÇO QUALIFICADO;NÃO SERIADA;52;;2025;;CURTA! PROGRAMADORA DE CANAIS DE TV LTDA;17.164.803/0001-84
TRE CIOTOLE;TRÊS VEZES ADEUS;E2600273900000;19/08/2026;REGISTRADO;FICÇÃO;;ESTRANGEIRA CONSTITUINTE DE ESPAÇO QUALIFICADO;NÃO SERIADA;122,3;;2025;;AUTORAL DISTRIBUIDORA DE FILMES LTDA;60.120.519/0001-35
TRUMP NO LIMITS;TRUMP SEM LIMITES;E2600127700000;24/04/2026;REGISTRADO;DOCUMENTÁRIO;;ESTRANGEIRA CONSTITUINTE DE ESPAÇO QUALIFICADO;NÃO SERIADA;52;;2026;;CURTA! PROGRAMADORA DE CANAIS DE TV LTDA;17.164.803/0001-84
TRUTH & TREASON;VERDADE & TRAIÇÃO;E2600025100000;28/01/2026;REGISTRADO;FICÇÃO;;ESTRANGEIRA CONSTITUINTE DE ESPAÇO QUALIFICADO;NÃO SERIADA;121;;2025;;SM DISTRIBUIDORA DE FILMES LTDA;08.257.054/0001-49
TURBULENCE;TURBULÊNCIA;E2600008000000;09/01/2026;REGISTRADO;FICÇÃO;;ESTRANGEIRA CONSTITUINTE DE ESPAÇO QUALIFICADO;NÃO SERIADA;91;;2025;;DIAMOND FILMS DO BRASIL PRODUÇÃO E DISTRIBUIÇÃO AUDIOVISUAL LTDA.;17.095.184/0001-13
TURMA DO PAGODE - DEIXA A VIDA ME LEVAR;TURMA DO PAGODE - DEIXA A VIDA ME LEVAR;E2600096400000;26/03/2026;REGISTRADO;VÍDEOMUSICAL;;ESTRANGEIRA CONSTITUINTE DE ESPAÇO QUALIFICADO;NÃO SERIADA;3,1;;2026;;GLOBO COMUNICACAO E PARTICIPACOES S/A;27.865.757/0001-02
TURMA DO PAGODE - DEIXA ACONTECER / CURTINDO A VIDA;TURMA DO PAGODE - DEIXA ACONTECER / CURTINDO A VIDA;E2600240700000;23/07/2026;REGISTRADO;VÍDEOMUSICAL;;ESTRANGEIRA CONSTITUINTE DE ESPAÇO QUALIFICADO;NÃO SERIADA;4,2;;2026;;GLOBO COMUNICACAO E PARTICIPACOES S/A;27.865.757/0001-02
TURMA DO PAGODE - DESSA VEZ;;E2600273800000;19/08/2026;REGISTRADO;VÍDEOMUSICAL;;ESTRANGEIRA CONSTITUINTE DE ESPAÇO QUALIFICADO;NÃO SERIADA;3,3;;2026;;GLOBO COMUNICACAO E PARTICIPACOES S/A;27.865.757/0001-02
TURMA DO PAGODE - PRINT DO WI-FI;TURMA DO PAGODE - PRINT DO WI-FI;E2600167200000;22/05/2026;REGISTRADO;VÍDEOMUSICAL;;ESTRANGEIRA CONSTITUINTE DE ESPAÇO QUALIFICADO;NÃO SERIADA;2,7;;2026;;GLOBO COMUNICACAO E PARTICIPACOES S/A;27.865.757/0001-02
TURMA DO PAGODE PART GRUPO MENOS É MAIS - INVESTIGADOR;TURMA DO PAGODE PART GRUPO MENOS É MAIS - INVESTIGADOR;E2600204000000;23/06/2026;REGISTRADO;VÍDEOMUSICAL;;ESTRANGEIRA CONSTITUINTE DE ESPAÇO QUALIFICADO;NÃO SERIADA;2,7;;2026;;GLOBO COMUNICACAO E PARTICIPACOES S/A;27.865.757/0001-02
TWENTY ONE PILOTS - DRAG PATH;TWENTY ONE PILOTS - DRAG PATH;E2600205000000;24/06/2026;REGISTRADO;VÍDEOMUSICAL;;ESTRANGEIRA CONSTITUINTE DE ESPAÇO QUALIFICADO;NÃO SERIADA;3,7;;2026;;GLOBO COMUNICACAO E PARTICIPACOES S/A;27.865.757/0001-02
TWENTY ONE PILOTS: MORE THAN WE EVER IMAGINED;TWENTY ONE PILOTS: MORE THAN WE EVER IMAGINED;E2600006500000;08/01/2026;REGISTRADO;VÍDEOMUSICAL;Registro de Eventos;ESTRANGEIRA CONSTITUINTE DE ESPAÇO QUALIFICADO;NÃO SERIADA;119;;2025;;UNITED CINEMAS INTERNATIONAL BRASIL LTDA.;01.289.530/0001-64
TYLA - CHANEL;TYLA - CHANEL;E2600052000000;23/02/2026;REGISTRADO;VÍDEOMUSICAL;;ESTRANGEIRA CONSTITUINTE DE ESPAÇO QUALIFICADO;NÃO SERIADA;3,1;;2026;;GLOBO COMUNICACAO E PARTICIPACOES S/A;27.865.757/0001-02
TYLA - IS IT LOVE;TYLA - IS IT LOVE;E2600239800000;23/07/2026;REGISTRADO;VÍDEOMUSICAL;;ESTRANGEIRA CONSTITUINTE DE ESPAÇO QUALIFICADO;NÃO SERIADA;3,1;;2026;;GLOBO COMUNICACAO E PARTICIPACOES S/A;27.865.757/0001-02
TYLA FEAT. ZARA LARSSON - SHE DID IT AGAIN;TYLA FEAT. ZARA LARSSON - SHE DID IT AGAIN;E2600205100000;24/06/2026;REGISTRADO;VÍDEOMUSICAL;;ESTRANGEIRA CONSTITUINTE DE ESPAÇO QUALIFICADO;NÃO SERIADA;3,5;;2026;;GLOBO COMUNICACAO E PARTICIPACOES S/A;27.865.757/0001-02
UMAMUSUME PURITÎDÂBÎ: SHINJIDAI NO TOBIRA;UMAMUSUME: PRETTY DERBY – O INÍCIO DE UMA NOVA ERA;E2600262500000;07/08/2026;REGISTRADO;ANIMAÇÃO;;ESTRANGEIRA CONSTITUINTE DE ESPAÇO QUALIFICADO;NÃO SERIADA;107;;2024;;CINEMARK BRASIL S.A;00.779.721/0001-41
UN POETA;UM POETA;E2600003500000;06/01/2026;REGISTRADO;FICÇÃO;;ESTRANGEIRA CONSTITUINTE DE ESPAÇO QUALIFICADO;NÃO SERIADA;120;;2025;;GLOBO COMUNICACAO E PARTICIPACOES S/A;27.865.757/0001-02
UNA QUINTA PORTUGUESA;UMA QUINTA PORTUGUESA;E2600217500000;07/07/2026;REGISTRADO;FICÇÃO;;ESTRANGEIRA CONSTITUINTE DE ESPAÇO QUALIFICADO;NÃO SERIADA;114;;2025;;KAJA FILMES LTDA;57.302.423/0001-83
UNHOLY TRINITY, THE;VINGANÇA BRUTAL;E2600269300000;17/08/2026;REGISTRADO;FICÇÃO;;ESTRANGEIRA CONSTITUINTE DE ESPAÇO QUALIFICADO;NÃO SERIADA;95;;2024;;GLOBO COMUNICACAO E PARTICIPACOES S/A;27.865.757/0001-02
UNLESS WE DANCE;A MENOS QUE BAILEMOS;E2600002300000;05/01/2026;REGISTRADO;DOCUMENTÁRIO;;ESTRANGEIRA CONSTITUINTE DE ESPAÇO QUALIFICADO;NÃO SERIADA;15;;2023;;SERVICO SOCIAL DO COMERCIO - SESC - ADMINISTRACAO REGIONAL NO ESTADO DE SAO PAULO;03.667.884/0001-20
USHER FEAT. LIL JON & LUDACRIS - YEAH!;USHER FEAT. LIL JON & LUDACRIS - YEAH!;E2600205200000;24/06/2026;REGISTRADO;VÍDEOMUSICAL;;ESTRANGEIRA CONSTITUINTE DE ESPAÇO QUALIFICADO;NÃO SERIADA;4,2;;2026;;GLOBO COMUNICACAO E PARTICIPACOES S/A;27.865.757/0001-02
VAMPIRES OF THE VELVET LOUNGE;;E2600269400000;17/08/2026;REGISTRADO;FICÇÃO;;ESTRANGEIRA CONSTITUINTE DE ESPAÇO QUALIFICADO;NÃO SERIADA;105;;2026;;GLOBO COMUNICACAO E PARTICIPACOES S/A;27.865.757/0001-02
VENENO PARA LAS HADAS;VENENO PARA AS FADAS;E2600102600000;02/04/2026;REGISTRADO;FICÇÃO;;ESTRANGEIRA CONSTITUINTE DE ESPAÇO QUALIFICADO;NÃO SERIADA;90;;1986;;CSF DISTRIBUIDORA & STREAMING LTDA;39.493.419/0001-68
VERITY;VERITY;E2600183000000;02/06/2026;REGISTRADO;FICÇÃO;;ESTRANGEIRA CONSTITUINTE DE ESPAÇO QUALIFICADO;NÃO SERIADA;90;;2026;;COLUMBIA TRISTAR FILMES DO BRASIL LTDA;00.979.601/0001-98
VERY MERRY BEAUTY SALON, A;NATAL NO SALÃO DE BELEZA;E2600198700000;19/06/2026;REGISTRADO;FICÇÃO;;ESTRANGEIRA CONSTITUINTE DE ESPAÇO QUALIFICADO;NÃO SERIADA;87;;2024;;GLOBO COMUNICACAO E PARTICIPACOES S/A;27.865.757/0001-02
VICTIN - FEAT. EU E VOCÊ;VICTIN - FEAT. EU E VOCÊ;E2600116800000;16/04/2026;REGISTRADO;VÍDEOMUSICAL;;ESTRANGEIRA CONSTITUINTE DE ESPAÇO QUALIFICADO;NÃO SERIADA;2,3;;2026;;GLOBO COMUNICACAO E PARTICIPACOES S/A;27.865.757/0001-02
VICTIN PART. MC DAVI - FÉ E GRATIDÃO;VICTIN PART. MC DAVI - FÉ E GRATIDÃO;E2600092700000;25/03/2026;REGISTRADO;VÍDEOMUSICAL;;ESTRANGEIRA CONSTITUINTE DE ESPAÇO QUALIFICADO;NÃO SERIADA;3,4;;2026;;GLOBO COMUNICACAO E PARTICIPACOES S/A;27.865.757/0001-02
VICTORIAN PSYCHO;PSICOPATA VITORIANA;E2600246900000;28/07/2026;REGISTRADO;FICÇÃO;;ESTRANGEIRA CONSTITUINTE DE ESPAÇO QUALIFICADO;NÃO SERIADA;90;;2026;;DIAMOND FILMS DO BRASIL PRODUÇÃO E DISTRIBUIÇÃO AUDIOVISUAL LTDA.;17.095.184/0001-13
VIOLENT NIGHT 2;NOITE AINDA MAIS INFELIZ;E2600226600000;14/07/2026;REGISTRADO;FICÇÃO;;ESTRANGEIRA CONSTITUINTE DE ESPAÇO QUALIFICADO;NÃO SERIADA;110;;2026;;WARNER BROS. (SOUTH) INC.;33.015.827/0001-28
VITINHO - ICEBARG;VITINHO - ICEBARG;E2600240800000;23/07/2026;REGISTRADO;VÍDEOMUSICAL;;ESTRANGEIRA CONSTITUINTE DE ESPAÇO QUALIFICADO;NÃO SERIADA;2,9;;2026;;GLOBO COMUNICACAO E PARTICIPACOES S/A;27.865.757/0001-02
VITINHO RB PART. MC HARIEL - BANKOK;VITINHO RB PART. MC HARIEL - BANKOK;E2600170000000;25/05/2026;REGISTRADO;VÍDEOMUSICAL;;ESTRANGEIRA CONSTITUINTE DE ESPAÇO QUALIFICADO;NÃO SERIADA;3,2;;2026;;GLOBO COMUNICACAO E PARTICIPACOES S/A;27.865.757/0001-02
WALT DISNEY;O REINO DE WALT DISNEY;E2600146700000;05/05/2026;REGISTRADO;DOCUMENTÁRIO;;ESTRANGEIRA CONSTITUINTE DE ESPAÇO QUALIFICADO;SERIADA EM TEMPORADA ÚNICA;240;4;2015;2015;CURTA! PROGRAMADORA DE CANAIS DE TV LTDA;17.164.803/0001-84
WE BURY THE DEAD;ENTERRANDO OS MORTOS;E2600231000000;16/07/2026;REGISTRADO;FICÇÃO;;ESTRANGEIRA CONSTITUINTE DE ESPAÇO QUALIFICADO;NÃO SERIADA;95;;2024;;GLOBO COMUNICACAO E PARTICIPACOES S/A;27.865.757/0001-02
WEREWOLVES;A NOITE DOS LOBISOMENS;E2600248000000;28/07/2026;REGISTRADO;FICÇÃO;;ESTRANGEIRA CONSTITUINTE DE ESPAÇO QUALIFICADO;NÃO SERIADA;93;;2024;;GLOBO COMUNICACAO E PARTICIPACOES S/A;27.865.757/0001-02
WHAM! 10 DAYS IN CHINA;WHAM! 10 DAYS IN CHINA;E2600195800000;17/06/2026;REGISTRADO;VÍDEOMUSICAL;Registro de Eventos;ESTRANGEIRA CONSTITUINTE DE ESPAÇO QUALIFICADO;NÃO SERIADA;90;;2026;;UNITED CINEMAS INTERNATIONAL BRASIL LTDA.;01.289.530/0001-64
WILD HORSE NINE;CAVALO SELVAGEM NOVE;E2600262600000;07/08/2026;REGISTRADO;FICÇÃO;;ESTRANGEIRA CONSTITUINTE DE ESPAÇO QUALIFICADO;NÃO SERIADA;118;;2026;;THE WALT DISNEY COMPANY (BRASIL) LTDA.;73.042.962/0001-87
WILD TALES FROM THE FARM;;E2600196500000;18/06/2026;REGISTRADO;DOCUMENTÁRIO;;ESTRANGEIRA CONSTITUINTE DE ESPAÇO QUALIFICADO;SERIADA EM TEMPORADA ÚNICA;240;4;2020;2020;EMPRESA BRASIL DE COMUNICACAO S.A. - EBC;09.168.704/0001-42
WILDWOOD;;E2600158600000;15/05/2026;REGISTRADO;ANIMAÇÃO;;ESTRANGEIRA CONSTITUINTE DE ESPAÇO QUALIFICADO;NÃO SERIADA;105;;2026;;WMIX DISTRIBUIDORA LTDA.;03.918.609/0001-32
WITKIN & WITKIN A PHOTOGRAPHER & A PAINTER;WITKIN & WITKIN: DOIS IRMÃOS, DOIS MUNDOS;E2600143500000;04/05/2026;REGISTRADO;DOCUMENTÁRIO;;ESTRANGEIRA CONSTITUINTE DE ESPAÇO QUALIFICADO;NÃO SERIADA;93;;2017;;NEWCO PROGRAMADORA E PRODUTORA DE COMUNICACAO LTDA.;04.334.366/0001-58
WOLF HOWL HARMONY - GACHI FUNK;WOLF HOWL HARMONY - GACHI FUNK;E2600103600000;05/04/2026;REGISTRADO;VÍDEOMUSICAL;;ESTRANGEIRA CONSTITUINTE DE ESPAÇO QUALIFICADO;NÃO SERIADA;3,3;;2026;;HQ MUSIC MARKETING LTDA;35.787.544/0001-20
WOLF HOWL HARMONY - ONE MINUTE;WOLF HOWL HARMONY - ONE MINUTE;E2600103700000;05/04/2026;REGISTRADO;VÍDEOMUSICAL;;ESTRANGEIRA CONSTITUINTE DE ESPAÇO QUALIFICADO;NÃO SERIADA;3,3;;2026;;HQ MUSIC MARKETING LTDA;35.787.544/0001-20
WOLF HOWL HARMONY - PLEASE;WOLF HOWL HARMONY - PLEASE;E2600211000000;30/06/2026;REGISTRADO;VÍDEOMUSICAL;;ESTRANGEIRA CONSTITUINTE DE ESPAÇO QUALIFICADO;NÃO SERIADA;3,2;;2026;;HQ MUSIC MARKETING LTDA;35.787.544/0001-20
WOODPECKERS: THE WHOLE STORY;;E2600196600000;18/06/2026;REGISTRADO;DOCUMENTÁRIO;;ESTRANGEIRA CONSTITUINTE DE ESPAÇO QUALIFICADO;SERIADA EM TEMPORADA ÚNICA;60;1;2022;2022;EMPRESA BRASIL DE COMUNICACAO S.A. - EBC;09.168.704/0001-42
XAMÃ, L7NNON, SAMUKA E RAMON CALIXTO - TÁ DE PARABÉNS;XAMÃ, L7NNON, SAMUKA E RAMON CALIXTO - TÁ DE PARABÉNS;E2600117900000;16/04/2026;REGISTRADO;VÍDEOMUSICAL;;ESTRANGEIRA CONSTITUINTE DE ESPAÇO QUALIFICADO;NÃO SERIADA;2,4;;2026;;GLOBO COMUNICACAO E PARTICIPACOES S/A;27.865.757/0001-02
XANDE DE PILARES - VENTO;XANDE DE PILARES - VENTO;E2600240900000;23/07/2026;REGISTRADO;VÍDEOMUSICAL;;ESTRANGEIRA CONSTITUINTE DE ESPAÇO QUALIFICADO;NÃO SERIADA;3,0;;2026;;GLOBO COMUNICACAO E PARTICIPACOES S/A;27.865.757/0001-02
YASMIN SANTOS - 200 ANOS;YASMIN SANTOS - 200 ANOS;E2600116900000;16/04/2026;REGISTRADO;VÍDEOMUSICAL;;ESTRANGEIRA CONSTITUINTE DE ESPAÇO QUALIFICADO;NÃO SERIADA;3,2;;2026;;GLOBO COMUNICACAO E PARTICIPACOES S/A;27.865.757/0001-02
YASMIN SANTOS - INTUIÇÃO;YASMIN SANTOS - INTUIÇÃO;E2600241000000;23/07/2026;REGISTRADO;VÍDEOMUSICAL;;ESTRANGEIRA CONSTITUINTE DE ESPAÇO QUALIFICADO;NÃO SERIADA;3,1;;2026;;GLOBO COMUNICACAO E PARTICIPACOES S/A;27.865.757/0001-02
YASMIN SANTOS - ME SEGURA;YASMIN SANTOS - ME SEGURA;E2600092800000;25/03/2026;REGISTRADO;VÍDEOMUSICAL;;ESTRANGEIRA CONSTITUINTE DE ESPAÇO QUALIFICADO;NÃO SERIADA;2,9;;2026;;GLOBO COMUNICACAO E PARTICIPACOES S/A;27.865.757/0001-02
YEMEN, CROSSROADS OF ALL WARS;YEMEN;E2600192900000;16/06/2026;REGISTRADO;DOCUMENTÁRIO;;ESTRANGEIRA CONSTITUINTE DE ESPAÇO QUALIFICADO;NÃO SERIADA;52;;2026;;CURTA! PROGRAMADORA DE CANAIS DE TV LTDA;17.164.803/0001-84
YOU, ME & TUSCANY;EU & VOCÊ NA TOSCANA;E2600069200000;05/03/2026;REGISTRADO;FICÇÃO;;ESTRANGEIRA CONSTITUINTE DE ESPAÇO QUALIFICADO;NÃO SERIADA;104;;2026;;WMIX DISTRIBUIDORA LTDA.;03.918.609/0001-32
YOUNG WASHINGTON;GEORGE WASHINGTON;E2600191600000;12/06/2026;REGISTRADO;FICÇÃO;;ESTRANGEIRA CONSTITUINTE DE ESPAÇO QUALIFICADO;NÃO SERIADA;125;;2026;;HEAVEN CONTENT LTDA;60.240.539/0001-40
YOUR HEART WILL BE BROKEN;CORAÇÃO PARTIDO;E2600203100000;23/06/2026;REGISTRADO;FICÇÃO;;ESTRANGEIRA CONSTITUINTE DE ESPAÇO QUALIFICADO;NÃO SERIADA;134;;2026;;SM DISTRIBUIDORA DE FILMES LTDA;08.257.054/0001-49
YUNAN;YUNAN;E2600030500000;03/02/2026;REGISTRADO;FICÇÃO;;ESTRANGEIRA CONSTITUINTE DE ESPAÇO QUALIFICADO;NÃO SERIADA;124;;2025;;MOSTRA DE CINEMA, CULTURA E EVENTOS LTDA;18.167.238/0001-71
ZAN O BACHEH;MÃE E FILHO;E2600072000000;10/03/2026;REGISTRADO;FICÇÃO;;ESTRANGEIRA CONSTITUINTE DE ESPAÇO QUALIFICADO;NÃO SERIADA;131,1;;2025;;RETRATO FILMES LTDA;31.296.141/0001-27
ZAYNARA - ALGEMA;ZAYNARA - ALGEMA;E2600205300000;24/06/2026;REGISTRADO;VÍDEOMUSICAL;;ESTRANGEIRA CONSTITUINTE DE ESPAÇO QUALIFICADO;NÃO SERIADA;2,2;;2026;;GLOBO COMUNICACAO E PARTICIPACOES S/A;27.865.757/0001-02
ZECA VELOSO PART. CAETANO VELOSO, MORENO VELOSO E TOM VELOSO - SALVADOR;ZECA VELOSO PART. CAETANO VELOSO, MORENO VELOSO E TOM VELOSO - SALVADOR;E2600054900000;24/02/2026;REGISTRADO;VÍDEOMUSICAL;;ESTRANGEIRA CONSTITUINTE DE ESPAÇO QUALIFICADO;NÃO SERIADA;3,7;;2026;;GLOBO COMUNICACAO E PARTICIPACOES S/A;27.865.757/0001-02
ZÉ FELIPE PART. THEUZINHO E RAFINHA RSQ - MEU NENÉM;ZÉ FELIPE PART. THEUZINHO E RAFINHA RSQ - MEU NENÉM;E2600119900000;17/04/2026;REGISTRADO;VÍDEOMUSICAL;;ESTRANGEIRA CONSTITUINTE DE ESPAÇO QUALIFICADO;NÃO SERIADA;2,6;;2026;;GLOBO COMUNICACAO E PARTICIPACOES S/A;27.865.757/0001-02
¿¿;O MELHOR DE TUDO;E2600231400000;17/07/2026;REGISTRADO;VARIEDADES;;ESTRANGEIRA CONSTITUINTE DE ESPAÇO QUALIFICADO;SERIADA EM TEMPORADA ÚNICA;1260;28;2024;2024;TV OMEGA LTDA.;02.131.538/0001-60
¿¿ ¿¿¿;MINHA PASSARELA;E2600166100000;22/05/2026;REGISTRADO;FICÇÃO;;ESTRANGEIRA CONSTITUINTE DE ESPAÇO QUALIFICADO;SERIADA EM TEMPORADA ÚNICA;120;6;2016;2016;PLAYTV TELEVISÃO LTDA;07.121.705/0001-06
¿¿¿ ¿¿¿;ELA ERA BONITA;E2600165800000;22/05/2026;REGISTRADO;FICÇÃO;;ESTRANGEIRA CONSTITUINTE DE ESPAÇO QUALIFICADO;SERIADA EM TEMPORADA ÚNICA;960;16;2015;2015;PLAYTV TELEVISÃO LTDA;07.121.705/0001-06
